Wall_Area,Roof_Area,Window_Area,Overall_Height,Outdoor_Temperature,Humidity,Energy_Efficiency_Rating,Noise_Feature_1,Noise_Feature_2,Noise_Feature_3,Noise_Feature_4,Noise_Feature_5,Noise_Feature_6,Noise_Feature_7,Noise_Feature_8,Noise_Feature_9,Noise_Feature_10,Orientation_East,Orientation_North,Orientation_South,Orientation_West,Glazing_Type_Type_A,Glazing_Type_Type_B,Glazing_Type_Type_C
388.2026173,188.9245449,44.01346063,3.449570655,13.10217745,51.12592837,166.3767029,0.989088075,0.904050819,0.79145373,0.339118414,0.448282147,0.123016759,0.300031872,0.06722904,0.288525003,0.518963826,0,1,0,0,0,1,0
320.0078604,192.8186247,38.84103014,5.417318821,14.28388383,53.69075903,148.0020191,0.81810105,0.035219805,0.623866725,0.277418042,0.014349148,0.818272775,0.956149834,0.035538473,0.571152968,0.052571514,1,0,0,0,0,0,1
348.9368992,232.9897879,57.66663182,4.055631509,8.869296048,48.1296872,173.5748345,0.340604644,0.180660622,0.439745312,0.962279911,0.611485324,0.497363117,0.389237252,0.42025934,0.9146943,0.68205384,0,0,1,0,0,0,1
412.04466,219.6579119,53.56292817,5.238103148,9.242671773,50.77113938,195.742252,0.152047025,0.338514493,0.01058574,0.35240712,0.995830003,0.234382953,0.697517734,0.89669425,0.738638711,0.26888805,0,0,1,0,0,1,0
393.3778995,219.2039458,32.31461549,3.594037084,13.58407062,79.11616395,168.5983599,0.784058614,0.577496188,0.964927943,0.894172515,0.817248584,0.592759579,0.634112805,0.277569351,0.856666282,0.106767593,0,1,0,0,0,1,0
251.136106,151.4913187,53.55481793,4.409942354,14.65070122,58.99569806,124.8603719,0.743937821,0.852736158,0.962023253,0.181041672,0.617237947,0.793259306,0.952910848,0.172309325,0.182197645,0.830303686,1,0,0,0,1,0,0
347.5044209,199.2702163,58.14519822,4.889510595,17.41688374,44.59069811,156.0919224,0.967046792,0.350201952,0.21755221,0.763746867,0.914398887,0.327624349,0.914602694,0.928208394,0.125664445,0.197907603,1,0,0,0,1,0,0
292.4321396,177.8590727,50.58925589,3.339300188,19.98369732,47.99504638,136.4863195,0.874842362,0.267988683,0.041346372,0.061345536,0.813581682,0.701476324,0.148004056,0.168223255,0.544071134,0.104754269,0,0,0,1,1,0,0
294.8390574,208.397738,48.14946329,5.115147873,12.25099021,43.49741168,156.6703796,0.555662625,0.061889169,0.530199363,0.462761229,0.498639353,0.42785918,0.085685875,0.374840537,0.697370826,0.056906453,0,0,0,1,0,1,0
320.5299251,197.0554883,41.92351512,4.620852437,6.251436127,37.5873036,147.2228906,0.101284247,0.821303478,0.951410815,0.00551044,0.591220285,0.964051169,0.809642328,0.72901551,0.954988048,0.728557744,0,0,1,0,0,0,1
307.2021786,227.3053672,35.534653,3.257643802,18.14102627,69.93428591,152.072492,0.483500658,0.379666443,0.910395846,0.810290763,0.731292809,0.770940087,0.904943213,0.260924008,0.371534408,0.655271247,1,0,0,0,0,1,0
372.7136753,209.5165465,58.00297949,3.696757246,20.22812973,35.78087821,174.7149134,0.313695054,0.571550195,0.584662864,0.950486036,0.846426164,0.356350903,0.492973604,0.229849528,0.346556852,0.008199141,0,1,0,0,1,0,0
338.0518863,223.5898389,46.90885555,5.605120084,15.82540343,40.56904815,151.2752801,0.512408482,0.983555418,0.303548851,0.035107371,0.058176402,0.017747959,0.690761274,0.397667234,0.515854298,0.22148054,0,1,0,0,0,0,1
306.0837508,186.0074271,47.66533338,5.895555986,17.98343889,61.50071419,147.6763618,0.301701575,0.001594571,0.329960884,0.933846361,0.774803857,0.657519895,0.06978828,0.787364815,0.684937937,0.704682031,0,0,1,0,1,0,0
322.1931616,171.6666123,67.32721187,4.86809136,18.803913,57.34371782,148.7411484,0.861822992,0.145450141,0.897913551,0.773853891,0.44750344,0.197872159,0.219804398,0.910983353,0.566023777,0.152140855,0,0,1,0,0,0,1
316.6837164,187.6985092,56.84501107,5.404761812,19.83240677,63.74981532,144.0948017,0.844327014,0.779110994,0.491784036,0.358861579,0.66079856,0.121879176,0.149376195,0.031292528,0.723030693,0.576750783,1,0,0,0,0,1,0
374.7039537,199.4893876,53.70825001,5.223843563,14.33053883,57.36379949,170.8666293,0.315465157,0.805127485,0.131116229,0.908876551,0.764633011,0.931776451,0.601160584,0.165108127,0.380314937,0.213156467,0,1,0,0,1,0,0
289.7420868,211.3745521,51.42061805,5.329622982,12.12116049,57.38761126,141.0649235,0.599581346,0.769247119,0.248425476,0.296257271,0.539501925,0.99994897,0.197539894,0.958601289,0.86219763,0.449234285,0,0,0,1,0,1,0
315.6533851,267.7792685,65.19994861,6.285984007,16.93275836,54.41534009,167.1973018,0.430180858,0.536998891,0.276794901,0.409295312,0.158514851,0.269888821,0.059846316,0.592791292,0.182975594,0.867423062,0,0,0,1,0,1,0
257.295213,198.7322855,67.19589307,3.493001602,13.0032358,57.14584187,128.7707824,0.909092757,0.978856981,0.123546685,0.096711262,0.409526832,0.301768552,0.302207283,0.551410269,0.315904643,0.302596427,0,0,0,1,0,1,0
172.3505092,171.32165,59.29505111,5.676460732,18.37690681,66.85284614,102.9546364,0.187360901,0.39618456,0.463044382,0.656938962,0.076872994,0.164988939,0.677212429,0.813543679,0.773677664,0.68597239,1,0,0,0,0,0,1
332.6809298,189.6205467,55.82224591,4.617991044,16.76770053,66.57746912,153.3152156,0.697728402,0.601943698,0.916050908,0.029600829,0.689300691,0.457684776,0.577863724,0.039783298,0.335672254,0.438281233,1,0,0,0,0,1,0
343.2218099,186.0921208,29.05396929,4.775741066,20.15171116,53.91086162,153.9140455,0.970375328,0.063369005,0.668782543,0.484905275,0.953706182,0.86584376,0.330724965,0.013836251,0.668154602,0.096155254,0,0,1,0,0,1,0
262.891749,214.4444442,51.23721914,4.69775027,12.48529723,44.00510881,143.055873,0.17527552,0.40985745,0.072473924,0.68319185,0.795252812,0.701505952,0.833478876,0.96749405,0.287797609,0.360634994,0,1,0,0,0,0,1
413.4877312,153.7760896,48.69893046,4.624852883,13.71997336,45.52339321,169.7039177,0.201966428,0.722500088,0.005494818,0.821237601,0.389786423,0.846331558,0.276269108,0.828570686,0.187104342,0.841280066,0,0,0,1,0,1,0
227.2817163,201.8978598,50.93953229,3.773803808,17.71354222,61.32028417,121.233151,0.693723339,0.238738841,0.276247667,0.14994139,0.584291496,0.228481656,0.260547638,0.747381782,0.300732564,0.973046242,0,1,0,0,0,1,0
302.2879259,204.6951961,59.43046087,5.183339199,16.67817848,46.91241444,148.252239,0.779153925,0.943827589,0.362692935,0.754090366,0.304200676,0.730456067,0.559947411,0.15570077,0.886993297,0.845081671,1,0,0,0,0,1,0
290.6408075,206.9654311,22.60322833,6.670943033,15.20170845,66.21223929,138.0507661,0.490549055,0.686783368,0.776749669,0.719077024,0.5410456,0.918526628,0.47821564,0.476603923,0.460883129,0.162228391,0,1,0,0,0,0,1
376.6389607,182.0805179,44.30687947,4.94386698,23.35530928,54.63539765,159.7266192,0.609686465,0.287575383,0.967005524,0.559570534,0.300726906,0.281416114,0.445972661,0.937293539,0.225415154,0.345509298,0,0,0,1,0,0,1
373.4679385,192.8623481,52.69904355,4.998614957,9.985372462,52.38480635,171.1702867,0.212682409,0.768998923,0.387567173,0.584644598,0.738324757,0.690653544,0.155785619,0.933599596,0.321438589,0.831188159,0,1,0,0,1,0,0
307.7473713,157.2781727,45.33154454,4.312700963,22.01222847,33.21555822,154.6690056,0.476614229,0.083164772,0.68669003,0.091270721,0.259341508,0.400657412,0.504646192,0.009247107,0.002770957,0.553895934,0,0,0,1,0,1,0
318.908126,185.2004035,35.83093887,4.882525454,12.40839309,42.38290058,147.0453005,0.112071881,0.974774423,0.994901907,0.600471043,0.96402039,0.290226645,0.259018917,0.752491409,0.755808288,0.776185797,1,0,0,0,0,0,1
255.6107126,183.7141557,58.68963487,5.466166426,7.05105764,55.74852362,131.4759319,0.321421925,0.049285259,0.745666584,0.381522207,0.661948732,0.969623469,0.392179883,0.006237766,0.225677452,0.777783267,0,0,1,0,0,1,0
200.9601766,212.4815014,52.76871906,4.629757559,15.83932258,38.96363529,113.6724062,0.284779705,0.933455891,0.636189549,0.867580851,0.068777848,0.34863323,0.733570448,0.984301728,0.59792104,0.071087901,0,0,0,1,0,0,1
282.6043925,165.314527,40.2889543,4.546195959,10.36545431,52.96066424,130.0827007,0.44462536,0.252853878,0.078074854,0.313098882,0.010777764,0.107849681,0.936862826,0.416967202,0.025109538,0.342406566,0,0,1,0,0,0,1
307.8174485,223.4359431,53.14817205,5.40326454,10.61920777,42.28013821,161.3452141,0.930126362,0.757824108,0.323215201,0.576595077,0.997046344,0.38858921,0.773862965,0.973518758,0.834498432,0.479021505,0,0,0,1,0,0,1
361.514534,244.8345363,58.21585712,4.08199523,24.30626112,55.24962009,176.6843507,0.181267662,7.37E-05,0.913392158,0.4265714,0.220505578,0.447678291,0.405633895,0.367746809,0.187444754,0.945224722,0,0,1,0,1,0,0
360.1189924,137.9004492,50.05292646,5.252496627,16.48030351,59.31319042,153.2200259,0.401388247,0.254240089,0.201005482,0.876261938,0.312562748,0.752210825,0.593033139,0.293187291,0.004768378,0.898228801,1,0,0,0,0,1,0
280.6336591,212.7877619,58.00564803,5.820321797,15.58023428,31.73879219,138.0216342,0.615597219,0.749100607,0.843590359,0.253916667,0.208414014,0.949914267,0.746497816,0.316291964,0.301187808,0.423031983,0,1,0,0,0,0,1
284.8848625,220.3072411,50.78260175,6.359948542,16.34314558,37.09014219,145.2290126,0.946557086,0.532336071,0.696323685,0.07880236,0.928101772,0.817056984,0.41422105,0.730679067,0.920487119,0.095665927,0,0,0,1,0,1,0
247.5723517,180.8768892,46.04771017,4.909617993,12.14096767,64.52633036,123.7939934,0.133148192,0.11495215,0.366324371,0.748655721,0.65201286,0.930941311,0.360248159,0.199672834,0.262614218,0.404542287,0,0,0,1,0,0,1
228.9991031,188.0818456,38.40579484,6.36759724,17.42827801,32.69415179,118.3357219,0.917876617,0.393629746,0.52917427,0.412896617,0.504386324,0.47506013,0.135243296,0.864057692,0.503478838,0.535903333,0,0,0,1,0,1,0
214.6864905,196.0135827,49.14069233,6.034409886,8.846218978,48.68125408,127.7695354,0.081053789,0.375549355,0.542806469,0.589098359,0.557650814,0.719316568,0.736260801,0.590572694,0.407229844,0.904397191,1,0,0,0,0,1,0
397.5387698,191.0662736,51.94292938,4.00378736,6.011447408,48.33245724,177.8665102,0.480741397,0.568162244,0.714053785,0.026389332,0.317872847,0.309049585,0.838508591,0.969911026,0.294249258,0.294879267,0,0,0,1,0,0,1
274.5173909,190.7296109,58.75832762,3.782061488,9.314647842,50.92454708,146.8319506,0.454589867,0.667977072,0.516555941,0.952109791,0.614175002,0.069587109,0.316584411,0.987084903,0.927353579,0.308864146,1,0,0,0,0,1,0
278.0962849,149.7198858,48.84892532,4.695036362,20.19155114,28.28763132,129.156592,0.209602729,0.840830242,0.13307599,0.877618377,0.419600363,0.365473525,0.783507766,0.185182001,0.788994908,0.627183235,0,0,1,0,1,0,0
237.360232,234.5699469,54.57415606,6.028935493,9.992075458,63.88474,138.8750761,0.347459668,0.497231397,0.773454672,0.623867901,0.199228146,0.697915228,0.610213058,0.955782054,0.761913315,0.505191555,0,1,0,0,1,0,0
338.8745178,232.3885578,40.35387986,4.927712992,8.164295082,57.74325103,159.1145744,0.454165268,0.392021717,0.406272497,0.017029842,0.6566051,0.27462211,0.784083046,0.046538486,0.526107124,0.195868959,0,0,1,0,0,1,0
219.3051076,175.5990722,42.17370844,4.399342442,16.62135819,59.39298762,112.8192304,0.865211463,0.143976534,0.96309389,0.377976474,0.373840569,0.861405896,0.411337383,0.027863724,0.824861674,0.144727249,0,1,0,0,0,1,0
289.362986,156.0072702,48.89610701,6.55224318,21.48421495,54.42925896,133.5137933,0.955064145,0.804822965,0.283513782,0.978796538,0.785066379,0.79077285,0.747576364,0.943864577,0.458428658,0.48949721,0,1,0,0,0,0,1
255.2266719,215.6319463,39.45371536,5.286904488,21.51953727,42.88105687,138.5847412,0.518925679,0.713370405,0.26307878,0.681330359,0.415394958,0.194042549,0.408509118,0.962396737,0.46518955,0.779390956,0,0,1,0,0,0,1
319.3451249,182.7263609,58.20247837,2.679405724,11.85229657,60.28401158,145.2491746,0.87009979,0.408677397,0.333507396,0.160987861,0.508271375,0.330836762,0.088757985,0.147247673,0.493774063,0.778831252,0,0,0,1,0,1,0
274.4597431,204.2585949,54.63130329,5.317160626,20.62542939,71.55362789,136.5365737,0.608171586,0.51843231,0.572317016,0.460596749,0.787466479,0.825302618,0.550578918,0.442415815,0.236910225,0.975803687,0,0,0,1,0,1,0
240.9683908,190.4201475,52.79095764,5.520040615,20.10343916,44.09570216,130.7198552,0.349087342,0.665182844,0.89486974,0.966737744,0.447878093,0.24393779,0.454328726,0.494092528,0.923651859,0.382718198,0,0,1,0,0,1,0
298.5908886,220.7461625,53.38904125,5.225608654,11.15469,52.99387071,158.1389266,0.194194208,0.16480559,0.17628164,0.534708174,0.966221135,0.331602146,0.252879887,0.860281237,0.258750675,0.391989327,1,0,0,0,0,1,0
321.4165935,220.8424743,70.21043561,5.4497121,19.82743075,43.10879479,155.09842,0.413134772,0.027197794,0.279678798,0.024614528,0.793028667,0.343066932,0.892113335,0.627917243,0.1981595,0.001819495,0,1,0,0,1,0,0
303.3258611,178.2320786,45.31135812,4.932724391,24.55043181,44.65931528,148.9213784,0.522824283,0.317503699,0.581679843,0.619772084,0.826430405,0.801042028,0.382853306,0.774566424,0.243751793,0.829917365,0,1,0,0,0,1,0
315.1235949,158.4990813,27.98558714,3.68160413,25.63068655,55.12224203,128.2338859,0.044443388,0.59558502,0.454334242,0.271216531,0.953920467,0.037030266,0.039126111,0.485096845,0.817352117,0.646628444,0,1,0,0,0,0,1
268.2838953,152.5118481,51.99300197,4.629295997,19.41755879,56.05781692,132.7239896,0.145841166,0.486606091,0.447322887,0.098845952,0.388850629,0.073786983,0.38213574,0.648413702,0.768545638,0.769922119,0,1,0,0,1,0,0
281.8629417,218.3113814,49.49396459,4.054384204,11.65597082,24.2729084,147.1631687,0.600184424,0.692554627,0.820734262,0.402908445,0.580080264,0.578451548,0.424509808,0.73540936,0.427106808,0.4706232,0,1,0,0,0,1,0
266.3769776,164.3342223,44.82480957,4.067259089,19.54446345,63.94389897,133.0354916,0.225001595,0.819689806,0.923878303,0.558523097,0.693591741,0.397111991,0.861637723,0.737881284,0.013781905,0.920193489,0,0,0,1,0,0,1
282.0223419,184.7955094,40.21170141,3.736931651,24.06031407,47.75873586,142.1582901,0.837326376,0.488442467,0.481306966,0.017040718,0.673458484,0.63288532,0.799183208,0.001737827,0.975735033,0.029113798,1,0,0,0,1,0,0
259.3426859,182.1105788,45.60810478,5.452489093,13.71759791,46.21728538,127.3381444,0.32694225,0.134267024,0.687351795,0.559046809,0.952936795,0.266461276,0.199966586,0.099908074,0.132530977,0.115281183,0,1,0,0,0,1,0
213.6858699,198.4229811,51.81338429,5.097896145,15.7896599,45.66175759,120.7370669,0.104834207,0.850628,0.801058711,0.511203147,0.288348634,0.909582677,0.839029226,0.363660441,0.851422677,0.376017335,1,0,0,0,0,1,0
308.8713071,141.9116058,44.97183299,4.551834637,7.412111873,70.27365433,131.7402874,0.083530589,0.574990327,0.51836641,0.793908383,0.291361529,0.760941887,0.247927228,0.061197447,0.781723087,0.085105908,0,0,1,0,0,1,0
279.9109532,205.6633579,74.1245368,4.350662072,15.43672869,53.34353529,145.8175016,0.937123021,0.739937481,0.294316409,0.423549817,0.918004402,0.067746221,0.341934148,0.382989702,0.938075782,0.087887882,1,0,0,0,0,1,0
218.4900827,215.7167307,40.39495618,4.976576895,19.72096578,55.71396484,129.3060544,0.118020311,0.704664654,0.638084598,0.55345043,0.799305642,0.783905477,0.076818454,0.389566848,0.773398539,0.566872679,0,0,0,1,1,0,0
323.1391128,202.6526626,42.06882637,6.079194728,9.720869459,49.63109689,152.4511319,0.140909764,0.968211771,0.5851091,0.742009304,0.203356624,0.969582372,0.055356313,0.920233537,0.331371591,0.21612202,1,0,0,0,0,0,1
254.6350818,190.6734148,27.1137996,2.995784285,15.6383255,57.82090734,133.8478993,0.862666058,0.295307322,0.90156282,0.897145872,0.570046878,0.942435621,0.680860121,0.567071855,0.231914043,0.626535211,1,0,0,0,0,1,0
302.5972698,202.922005,52.51484415,5.376876521,0.191748355,42.28111301,155.3027831,0.25428813,0.705306773,0.052407037,0.380034576,0.745763734,0.735483798,0.923341085,0.706351281,0.37769082,0.929399822,0,0,1,0,1,0,0
336.4545281,211.9713904,29.83593372,4.454288026,25.55149919,51.77093095,152.435356,0.665951411,0.365676333,0.910131387,0.601633496,0.35303639,0.123593753,0.493016854,0.887198682,0.203087171,0.82388221,0,1,0,0,1,0,0
306.4491455,116.8222173,44.60545367,3.115414155,17.9033502,60.56239981,121.797373,0.816725687,0.395410721,0.534432028,0.694610903,0.434382251,0.576076766,0.844093712,0.442129321,0.719574748,0.248430388,1,0,0,0,0,0,1
356.9700342,258.6773692,47.24329465,3.054296917,11.3250396,72.69359558,178.3209686,0.60718064,0.230594637,0.015676116,0.043270676,0.575396612,0.284232729,0.79375125,0.001962145,0.826518632,0.089662926,0,0,0,1,1,0,0
238.258709,211.7027997,42.90272034,4.087216506,13.57067785,39.67121121,128.8594515,0.957488543,0.344010176,0.344702179,0.800760508,0.467108558,0.970212944,0.664678723,0.285336025,0.646438892,0.950192468,0,0,1,0,1,0,0
320.1170821,180.4277425,67.38872677,5.219509556,10.36729137,66.04302702,153.4800426,0.708882899,0.948296752,0.724333564,0.377430185,0.75304239,0.717485725,0.978228931,0.8141587,0.186092731,0.994495931,1,0,0,0,0,0,1
265.7594955,188.2713987,59.94394391,5.393062934,12.46458495,29.30736645,128.36506,0.11275151,0.292570847,0.488433088,0.670238941,0.005938754,0.61076559,0.802187921,0.90184117,0.037384711,0.374494899,1,0,0,0,1,0,0
256.4601425,214.8122533,63.19136876,4.061018427,5.61151143,32.16005647,135.1286323,0.558410027,0.245990606,0.980159037,0.471664066,0.434632524,0.695088043,0.274844394,0.351509581,0.580401267,0.460677261,0,0,1,0,1,0,0
271.0575168,196.5168818,41.17581181,6.017020991,17.89609138,35.11112941,130.1176691,0.718186526,0.583137978,0.422610074,0.702339143,0.337581375,0.437979129,0.789014246,0.293991253,0.462673105,0.145333661,0,0,0,1,0,0,1
284.4223734,139.079466,61.28594065,6.422983497,22.30175473,44.24555035,133.7547277,0.80195724,0.258035957,0.32663523,0.724330979,0.609164053,0.372736751,0.692661646,0.924505211,0.199703928,0.710180793,0,0,0,1,1,0,0
302.8082671,261.9347858,54.96000946,5.396086585,22.46510735,52.7609352,154.9683146,0.026321335,0.473385726,0.821671934,0.191571013,0.775958442,0.935799579,0.399520447,0.351073736,0.368083902,0.421833607,0,0,0,1,0,0,1
241.742508,196.6837803,57.71405949,4.408597332,11.21168483,52.59162278,135.5490955,0.718878915,0.834176257,0.547906699,0.662174234,0.076145162,0.331927135,0.07679747,0.652245188,0.541466256,0.803015145,1,0,0,0,0,1,0
345.0413243,230.6051814,60.29438829,6.124419185,20.3868988,47.53929123,166.0266692,0.825680821,0.230400314,0.682326579,0.851323438,0.158059734,0.041436132,0.21435953,0.280309235,0.632917112,0.577296711,1,0,0,0,0,1,0
323.283122,179.2385046,40.91236754,5.755395696,9.07051807,42.44928041,146.4707658,0.746833811,0.426691412,0.805702338,0.235567201,0.665081624,0.400840154,0.797237892,0.097918799,0.476643778,0.042783809,0,0,0,1,0,1,0
223.1878157,246.0913116,45.75682379,5.867407411,12.33111749,59.36565518,131.1786428,0.512349146,0.610489735,0.671427546,0.75818347,0.738402441,0.790340353,0.248485288,0.501236312,0.971392822,0.334954541,0,1,0,0,0,1,0
374.4126097,208.5903107,58.62596011,4.343536325,16.38182708,56.6641827,177.3784568,0.458020963,0.545628925,0.422407495,0.633825113,0.588201777,0.648468358,0.997857983,0.923231837,0.0462264,0.808596171,0,0,0,1,1,0,0
394.7944588,218.265315,23.44380907,2.165445495,14.96378425,48.08016111,182.3394366,0.549418583,0.974723237,0.124796448,0.955126034,0.982803349,0.962170775,0.69398814,0.618640754,0.658207913,0.688113881,0,0,1,0,0,1,0
358.9389786,168.642399,65.13328083,7.116791021,7.95581929,54.23367608,159.6271078,0.704643699,0.680370254,0.580248167,0.260246577,0.499461489,0.106201868,0.477222481,0.208826625,0.909557902,0.632531947,1,0,0,0,0,0,1
291.0037582,236.3343587,55.53132064,3.389121597,15.87332978,61.7768213,148.281013,0.922914291,0.739946242,0.897433327,0.154277778,0.136292335,0.911546302,0.57043669,0.682429573,0.236564211,0.672504642,0,0,1,0,0,0,1
246.4623689,220.6945449,49.54296039,4.964231928,20.69758119,68.48670826,139.2552155,0.617035211,0.966955948,0.418892427,0.312121015,0.68629106,0.368849194,0.610872724,0.768361144,0.213707188,0.605036876,0,0,1,0,0,0,1
352.7225863,239.0553869,52.20507656,7.380745351,21.86022605,42.63837577,165.6007788,0.887834306,0.414438025,0.910725235,0.257958778,0.602075522,0.474002585,0.96894482,0.320760562,0.762232807,0.641124327,0,1,0,0,0,0,1
279.8411527,181.1573732,39.70064717,5.330576756,13.21949591,52.80526293,135.9116939,0.701256847,0.355379815,0.50352782,0.75683276,0.590421475,0.428482154,0.161741195,0.559209401,0.486373794,0.620421105,0,1,0,0,0,1,0
361.1222535,185.5691864,46.50056635,5.949246474,12.20100343,52.61271014,156.96399,0.068336377,0.04386243,0.620841562,0.733109304,0.545853635,0.116452281,0.272395803,0.681953131,0.992177507,0.53342794,0,0,0,1,0,0,1
310.4137489,269.1175009,61.00284338,3.497603431,13.66837558,39.40628534,161.0421842,0.50082819,0.184204307,0.832988476,0.669684901,0.93909571,0.247796456,0.709591048,0.160353145,0.58912362,0.757747125,0,1,0,0,0,1,0
348.8319518,168.1995253,62.98021972,3.222333045,13.40388308,44.52373141,154.8065613,0.286486348,0.237189632,0.56459711,0.216379114,0.129156397,0.742271569,0.239857983,0.96410094,0.923441933,0.369492564,1,0,0,0,0,0,1
317.8183199,195.921509,76.96224053,4.467297208,13.50994948,56.10642551,152.4950471,0.285174928,0.183504467,0.090969339,0.861806807,0.073197299,0.023007542,0.871297162,0.451251961,0.01221052,0.475238339,1,0,0,0,0,0,1
335.3286584,234.1067409,49.26075334,6.090749734,15.6134412,56.91713421,168.446807,0.355927551,0.754783893,0.980979401,0.956571556,0.154117169,0.133887774,0.346534176,0.97966439,0.15453962,0.401449557,1,0,0,0,0,1,0
300.525001,202.931749,43.41447033,4.653750552,9.239327876,53.6929738,146.5424374,0.314732772,0.535882981,0.245849302,0.531605818,0.24499021,0.025210169,0.1808394,0.189573866,0.684419045,0.209210491,1,0,0,0,0,1,0
389.2935247,217.4886104,44.85766034,4.205363679,9.748580955,50.12872348,182.9780091,0.57860998,0.667633801,0.710505329,0.649372731,0.592946319,0.857388057,0.047620761,0.483773546,0.41646637,0.321888962,1,0,0,0,1,0,0
306.3456046,188.0165291,39.81958125,5.19796729,19.26405415,43.44001898,138.4606747,0.6836015,0.820462161,0.505113439,0.500692099,0.612425249,0.617324828,0.59559504,0.165853654,0.835964569,0.055015078,0,0,0,1,1,0,0
320.0994682,211.1016766,49.22145244,6.081935218,10.83126353,53.29686042,156.0348299,0.268749387,0.230773941,0.478772637,0.283557715,0.232601877,0.169928662,0.82528219,0.010180822,0.428898093,0.325527634,1,0,0,0,1,0,0
394.1575349,160.8041944,53.8273243,3.555059801,15.02756768,30.63894611,165.1506363,0.129762623,0.32592394,0.243940819,0.286147604,0.489225499,0.768772223,0.273793111,0.237875173,0.712996696,0.390583093,0,0,0,1,0,0,1
232.6120469,249.7439204,49.65757719,3.789457006,15.40406621,65.98203537,134.1948699,0.058808721,0.708360267,0.722150766,0.313420523,0.482061853,0.966800597,0.917539486,0.403187337,0.566160017,0.093384098,0,0,1,0,0,0,1
236.4757501,196.4550786,60.96346846,4.211330745,14.31259592,54.93530616,138.2043957,0.575752845,0.392758946,0.112788265,0.190850004,0.453110766,0.934560375,0.75773427,0.431130738,0.119903567,0.22045513,0,0,1,0,0,0,1
348.4698354,179.5946539,47.65784199,6.094638375,17.9533523,52.81422175,156.2170637,0.186130166,0.02927094,0.990453309,0.901923633,0.803545295,0.921547548,0.061300682,0.886505155,0.717951207,0.249541747,0,1,0,0,1,0,0
241.3438297,219.9914925,46.52549348,5.234821526,13.95529731,55.57408871,139.7264751,0.009247994,0.434955219,0.845373537,0.858398134,0.47169307,0.007810215,0.572632997,0.635677264,0.706371801,0.227470208,1,0,0,0,1,0,0
397.1810593,186.1784064,44.18731523,7.132153411,10.49581108,54.3017767,171.8274307,0.927753079,0.908273086,0.53450894,0.461639361,0.758365496,0.589013489,0.56744094,0.434441655,0.115718151,0.350221702,0,0,1,0,1,0,0
279.319051,159.9722459,33.67365474,5.936445726,14.69394608,23.85403143,127.2168052,0.537140419,0.409021512,0.424552956,0.367251413,0.166481132,0.256632617,0.202372305,0.9879977,0.561911458,0.144876105,0,0,0,1,0,0,1
262.6272594,159.5984748,34.32232276,4.964904823,5.536093213,54.80105786,122.6045066,0.09244818,0.332248916,0.286464632,0.939078357,0.531967344,0.564647214,0.334544379,0.614224332,0.335650018,0.731501357,0,0,0,1,0,1,0
396.1471013,220.8131946,38.20842069,6.265077838,12.44305205,42.51213615,175.1906965,0.842921112,0.989525083,0.501591471,0.222373469,0.824104776,0.318030289,0.458278894,0.322662965,0.458849782,0.342654855,0,0,0,1,1,0,0
374.0257396,195.2127969,63.01428072,5.211497013,25.30949336,39.52600195,169.1643147,0.983202738,0.644415564,0.879417462,0.553541959,0.177716584,0.153666543,0.048077821,0.691310881,0.422758693,0.122365234,0,1,0,0,0,1,0
393.377948,195.9889532,58.95260273,4.295078647,14.51475159,48.84947643,173.5063093,0.448600662,0.365998026,0.275006401,0.054498156,0.464922169,0.444493723,0.149776409,0.495699923,0.104774404,0.593599781,0,0,0,1,0,0,1
345.3022329,232.3323142,63.74964066,5.679974844,24.50154863,52.48994764,172.974148,0.042489608,0.102019531,0.500537459,0.191202197,0.609079316,0.495096327,0.164004389,0.881167694,0.158022986,0.179648175,0,1,0,0,1,0,0
256.9387157,166.1952257,36.67788345,4.303673346,13.60583965,47.80216064,117.4145224,0.117545941,0.787849445,0.234549902,0.604026933,0.184774575,0.989765507,0.379235754,0.896511262,0.086808616,0.058056321,0,0,0,1,0,0,1
395.5032477,178.0796674,30.3137531,4.709602899,10.01402785,52.19731932,156.5147455,0.381653747,0.708074933,0.337149114,0.662183653,0.756765606,0.042387884,0.747357459,0.3673504,0.192447014,0.163292142,0,1,0,0,0,1,0
286.5998315,188.4536057,43.3994368,6.327782696,9.763664779,43.44916125,133.5615743,0.885522637,0.921915799,0.190260509,0.580995819,0.078996248,0.301155199,0.831303659,0.562339051,0.852444386,0.419994812,0,1,0,0,0,0,1
340.1228198,202.8305477,51.75818953,4.898718514,19.97555991,42.0808249,168.7575364,0.148038679,0.21727563,0.990539194,0.869601416,0.946415509,0.851893845,0.162849046,0.265773444,0.024522649,0.693508972,0,0,1,0,0,0,1
347.3625984,198.7348565,54.98690275,4.196858613,19.15186881,47.80090144,158.8747639,0.823990094,0.11492435,0.571497446,0.993405221,0.468221494,0.659695498,0.751906036,0.626636752,0.43161725,0.641500885,0,0,1,0,1,0,0
292.2494953,191.3933842,60.47972156,4.535662309,22.5293064,52.88136903,147.1825722,0.01497626,0.724072526,0.732815124,0.763861842,0.336123086,0.826683032,0.670709958,0.992346962,0.800936389,0.005205979,0,0,0,1,0,1,0
330.7039685,198.1512079,52.84279671,6.021790586,17.56832784,55.66093938,165.0575118,0.457388699,0.203395842,0.098249913,0.465091784,0.116807007,0.660290919,0.890687392,0.832588518,0.100258205,0.793290653,0,0,1,0,1,0,0
346.1103336,196.7808417,67.42668781,4.447459327,17.23817056,55.46756143,162.1962117,0.644397141,0.176103838,0.36611755,0.833934669,0.432596643,0.759536309,0.968791254,0.3664099,0.22771359,0.335687778,0,1,0,0,0,0,1
318.8212766,178.4118683,47.77394319,4.613129153,20.19486279,57.06380551,136.039262,0.060379482,0.319807335,0.892639803,0.120387394,0.659804029,0.49292175,0.124460609,0.095380352,0.727439708,0.679715691,0,1,0,0,0,0,1
245.0299605,175.6102103,40.86920782,4.48970726,14.77457796,41.77809635,125.0571913,0.614762751,0.816825141,0.084438326,0.683270696,0.094487279,0.204877693,0.080673861,0.966681987,0.647552433,0.032673172,1,0,0,0,0,1,0
314.9119087,208.2354907,33.18781785,5.183925494,13.90994248,43.73399376,151.0635889,0.944404121,0.539536605,0.165483228,0.518337787,0.306269095,0.810003861,0.799730129,0.389584779,0.563023837,0.393788243,1,0,0,0,0,0,1
366.3192948,173.2725475,41.11028642,4.61451024,16.98696805,41.0850511,152.4391105,0.16025992,0.045850355,0.62541761,0.178065886,0.836017583,0.567820655,0.162170873,0.293380893,0.171640817,0.019610501,0,1,0,0,1,0,0
265.271607,165.2793422,52.42117961,3.398163951,17.94586634,46.34422131,121.3276747,0.729611383,0.463894675,0.622788994,0.972933617,0.646181026,0.139505194,0.194574524,0.316335393,0.794531012,0.816345535,0,0,1,0,0,1,0
292.518273,190.6312325,41.11279743,4.112819058,26.91746584,46.2777064,140.0393218,0.609093898,0.683979611,0.838227044,0.33843742,0.206373012,0.804894027,0.882035923,0.489923367,0.141414112,0.186967181,0,1,0,0,0,0,1
278.2423224,195.2699895,59.36742464,4.067210958,18.58397343,40.08064389,138.1879993,0.185116389,0.538368438,0.935492764,0.615423406,0.160909796,0.95858591,0.938964897,0.956751399,0.134797895,0.674547908,0,0,0,1,1,0,0
392.4631864,267.7017049,64.12327706,6.243319384,15.31073368,49.53120445,195.9335498,0.006203415,0.572450218,0.141986475,0.878594238,0.904485026,0.346163873,0.318471244,0.986622321,0.795035044,0.277066163,1,0,0,0,1,0,0
333.6147379,178.8589917,26.30413095,5.812674042,14.52920038,42.5678101,146.1495682,0.009284451,0.224777328,0.259373819,0.506688844,0.287020221,0.293512252,0.8421681,0.296126727,0.369223328,0.135351114,1,0,0,0,0,1,0
320.3730918,228.2978217,58.640523,5.587259379,19.58663936,31.94731321,169.8351197,0.532092409,0.847739332,0.427461406,0.11513785,0.179500169,0.081775178,0.85885691,0.351468708,0.312617116,0.930295339,0,0,1,0,0,0,1
261.5041963,222.41565,27.60395941,4.494641683,17.7704728,49.29905986,136.021023,0.94277941,0.561398718,0.000903286,0.818739084,0.999964019,0.664491226,0.605390481,0.51180656,0.278672051,0.595024616,0,1,0,0,1,0,0
326.9624596,164.3316513,54.01499055,4.184208458,18.26892941,47.01555693,149.5926706,0.644298627,0.713246013,0.069814303,0.353213767,0.309191828,0.958961618,0.566088448,0.008187289,0.324972106,0.890631047,1,0,0,0,0,1,0
266.283367,223.1975893,62.24870564,4.492482398,9.130205391,49.85555698,140.918638,0.714299846,0.981864217,0.226491278,0.983066869,0.124740188,0.13599269,0.575838409,0.174836563,0.3405876,0.306599402,0,0,1,0,1,0,0
301.5915279,164.4835808,50.64856106,3.948119897,20.79580105,40.87028473,138.2302506,0.493865487,0.428198658,0.481101964,0.883825446,0.46175763,0.485159631,0.301289188,0.936059021,0.696367694,0.829835334,1,0,0,0,0,0,1
268.2076961,120.2248329,37.20310827,7.497200392,17.95387081,54.26739838,109.3477772,0.581888943,0.881066613,0.251522738,0.853449333,0.43434511,0.098238185,0.618867039,0.029435237,0.240262201,0.941682333,0,0,1,0,1,0,0
333.8216647,218.1895857,44.14568796,2.754678352,9.772596073,54.36544557,160.4984932,0.126367525,0.007281014,0.876681892,0.356253178,0.926802476,0.034109904,0.243580271,0.10097628,0.325326453,0.395183827,1,0,0,0,0,0,1
328.8295408,147.3232825,47.38354554,5.564008535,10.96717606,51.79932201,140.7911082,0.87682062,0.033407293,0.324272876,0.757129778,0.134204947,0.664501051,0.17763229,0.420647017,0.776211508,0.904131051,0,0,0,1,1,0,0
289.5850622,213.5280339,48.17755216,3.715447702,25.08106709,42.54247811,139.5364765,0.760792629,0.590279922,0.924622812,0.986329063,0.091136406,0.867687175,0.412950454,0.731450249,0.913150573,0.335085743,1,0,0,0,0,0,1
319.8003356,179.4796731,47.97103159,4.895656509,13.48924089,45.02800342,151.810882,0.998198953,0.311449396,0.974787261,0.526321612,0.092978671,0.337570536,0.705780423,0.26887823,0.61283597,0.324599999,0,1,0,0,1,0,0
245.3469246,249.7865239,48.90117221,4.011998058,18.36875918,56.34880926,131.6556602,0.297722948,0.248276567,0.449861534,0.470732155,0.904287466,0.875765174,0.621427687,0.305965591,0.105118229,0.995732672,0,0,1,0,1,0,0
225.4371204,232.055282,52.13480049,3.822371038,23.34132211,54.10199175,129.1897963,0.227017772,0.277935357,0.227128817,0.014665821,0.449369178,0.117053099,0.964882079,0.30547298,0.541584661,0.952410448,0,0,1,0,0,1,0
321.9695851,186.3984259,37.91426346,3.859803699,0.418075486,52.74953536,148.7299199,0.125161658,0.318402935,0.291666133,0.700203769,0.150606528,0.237960682,0.646455911,0.872601927,0.627778874,0.228618346,1,0,0,0,0,0,1
308.3336748,179.3648717,47.5798017,6.754986154,17.15831835,48.98161156,142.8997636,0.964209757,0.728947696,0.776333682,0.858477569,0.593830098,0.901606727,0.14131405,0.226097606,0.314052697,0.837202027,0,1,0,0,1,0,0
331.7515718,163.5776779,65.1826117,4.867011578,11.35474854,50.79387348,147.6410038,0.780885185,0.569195972,0.273349708,0.247457186,0.537623356,0.508509894,0.161218213,0.562401826,0.828000373,0.342457878,1,0,0,0,0,1,0
419.1572387,186.772321,46.15354577,4.234297806,15.57549713,57.36334435,177.0853946,0.166324614,0.789035973,0.380582868,0.315024577,0.198406748,0.608192384,0.09306714,0.999931147,0.782078811,0.979243374,1,0,0,0,1,0,0
347.2239743,191.5893351,45.56163907,5.555786964,16.57170352,35.45351289,155.5385358,0.552686471,0.83019658,0.478575858,0.500677021,0.603038139,0.038018233,0.191173765,0.728465495,0.575306707,0.849817629,1,0,0,0,0,1,0
254.3588887,189.0591937,60.78197304,5.010349315,15.18162738,65.1464186,128.1716326,0.413768208,0.842934859,0.575111116,0.072080157,0.340231234,0.12838991,0.597950901,0.336350655,0.145015589,0.904919301,0,0,0,1,1,0,0
355.8508144,204.7011157,24.40815334,5.720033759,17.67704197,41.38256468,156.910889,0.151486008,0.414644149,0.99610044,0.089642476,0.238370768,0.055790813,0.838286475,0.76545897,0.697381466,0.573673511,0,0,1,0,0,1,0
234.2046295,217.3556449,61.81378601,3.175743344,12.49955155,40.15140719,129.3936856,0.162072985,0.421273396,0.232209755,0.421110759,0.510400611,0.90500074,0.893867652,0.953915707,0.895348664,0.294151352,0,1,0,0,0,0,1
276.9207698,210.4896337,43.68096242,5.303603904,21.01425856,45.81275652,139.6375262,0.963469995,0.92626588,0.353423703,0.261218953,0.291649262,0.134794964,0.400043887,0.373537807,0.25010111,0.197525006,0,0,0,1,1,0,0
296.5879197,177.0756823,51.63928572,5.772694837,8.709317926,57.11365794,136.5144544,0.304964183,0.661763595,0.262891177,0.406037303,0.222139922,0.849672827,0.558583029,0.70801124,0.958685896,0.527871921,0,0,0,1,0,0,1
385.6671361,156.8662558,50.96321356,3.338401709,7.445892537,46.53297843,152.846755,0.941439292,0.080467184,0.361113437,0.454386298,0.879722408,0.351034699,0.809199592,0.075804263,0.771302397,0.671515725,1,0,0,0,0,0,1
262.7622589,240.9359554,59.42468119,5.448195284,8.8297182,43.12434808,143.1745915,0.075610673,0.542186954,0.100804517,0.976273397,0.155762577,0.800597496,0.312070521,0.895296837,0.300321575,0.741788635,1,0,0,0,0,1,0
258.6780731,179.3165245,47.32405254,6.696181573,21.9304567,58.75092505,122.6403457,0.460803042,0.35600726,0.359809767,0.94425982,0.280589977,0.365043547,0.595669004,0.096256725,0.616821124,0.170383213,1,0,0,0,0,0,1
295.0773738,180.431192,43.21974218,4.985142297,13.52787445,43.82494944,134.0484792,0.129619049,0.98743499,0.887865031,0.139730152,0.38613838,0.26768404,0.174082511,0.372925096,0.307847932,0.535887993,0,0,1,0,0,1,0
266.8260857,184.3643206,62.97845791,5.821405937,7.467121772,52.46473943,137.2340615,0.004787385,0.013655406,0.298589848,0.882585974,0.27363831,0.093660701,0.476540341,0.542505843,0.099467876,0.43610982,1,0,0,0,0,1,0
356.3317961,144.7079135,26.35826183,5.67057045,12.66324359,52.30256316,143.0163003,0.553766074,0.612180873,0.37193478,0.080206662,0.210710643,0.280706591,0.17307226,0.263577642,0.82414867,0.208224211,0,0,0,1,0,1,0
246.0034246,185.6607799,50.20334182,4.292494302,17.83081389,61.80531168,125.2534132,0.113894105,0.723623094,0.944474164,0.50763547,0.771146097,0.471479717,0.46242639,0.649269326,0.665807035,0.552962317,0,0,1,0,0,1,0
242.6265674,185.6103256,36.52074577,5.039766735,18.8933344,73.19508893,117.304733,0.722024531,0.288906771,0.728378996,0.1639099,0.329016159,0.817508799,0.396819692,0.554428727,0.614000651,0.275913722,0,0,0,1,0,1,0
278.1089978,218.610749,42.38426612,3.433005289,14.94513008,45.58513399,141.9253712,0.698116376,0.973641518,0.516738715,0.365892145,0.112512958,0.452514955,0.433264824,0.71718524,0.142172881,0.535054557,0,0,1,0,1,0,0
275.0983775,220.9537145,70.11256681,4.548696963,20.37942281,27.05058265,159.0142335,0.176332907,0.859536627,0.777192728,0.743340226,0.540895162,0.971435575,0.243712226,0.354139365,0.377377113,0.200109345,0,0,1,0,1,0,0
396.4766027,200.1131267,49.55404574,5.265687975,18.01771862,71.54457143,178.6287268,0.941742143,0.915652841,0.123179649,0.424505479,0.125488497,0.541633011,0.136043342,0.54601389,0.87663608,0.899942537,0,0,1,0,0,0,1
347.4710403,227.9554512,51.95069697,5.723100494,16.84033715,43.20825233,170.2027651,0.721043408,0.019232059,0.464490353,0.806951288,0.357519607,0.02494563,0.275665328,0.8121854,0.163304461,0.338102825,0,0,0,1,1,0,0
304.3775621,210.1989495,32.18437144,5.024612125,15.19532289,55.47584173,151.6882479,0.297970264,0.569872151,0.118236129,0.718815711,0.881826762,0.4153673,0.239580039,0.810696346,0.047902887,0.610334603,0,0,1,0,0,1,0
238.7282241,199.5295367,42.70955341,5.71998373,12.28072511,47.43903588,125.1573107,0.709233764,0.294650242,0.233618145,0.942839446,0.369161195,0.688899107,0.734296203,0.714239975,0.191151477,0.121932987,0,0,0,1,0,1,0
342.2181488,204.827845,51.96557401,3.897093787,15.53047845,37.64452267,163.9355166,0.731930278,0.849028635,0.14186726,0.534156021,0.632508974,0.234291646,0.716975073,0.54193589,0.250180007,0.630017193,0,1,0,0,1,0,0
249.9892326,194.2803952,53.54757693,4.898302725,12.96775081,44.82183225,131.7482538,0.342226331,0.632849657,0.361801239,0.802147954,0.514625536,0.698629951,0.584482994,0.673261101,0.783642524,0.272040339,0,0,0,1,0,0,1
222.7614452,188.1545146,56.16886554,5.019279385,8.554577326,47.8204959,114.3349045,0.375588562,0.538877004,0.38163932,0.322907106,0.137724846,0.503697305,0.091333798,0.08688029,0.648141471,0.95653159,0,0,0,1,0,0,1
359.4014896,191.9679939,50.08627899,6.849591247,21.91254323,54.47970273,162.9688582,0.359106508,0.11458817,0.947308582,0.345745845,0.649069598,0.025737776,0.566261854,0.471317201,0.017342747,0.394154266,0,0,1,0,1,0,0
315.8471306,166.1596601,55.27004208,4.785833344,17.57448829,55.68155177,145.9880452,0.616618444,0.540222805,0.264125731,0.400510464,0.856034997,0.774352949,0.079237026,0.8601435,0.017289653,0.607406557,0,0,1,0,0,1,0
346.0429412,208.4132512,54.53781913,4.500983362,23.20362239,53.88498074,166.0957314,0.900410147,0.631904146,0.472428845,0.410915734,0.093212474,0.560373704,0.018173019,0.607364822,0.566896429,0.215813366,1,0,0,0,0,1,0
315.9363826,170.2062917,31.70259589,5.021351224,11.60566335,50.35598883,150.4476412,0.173193236,0.955912309,0.811379404,0.103253221,0.753680089,0.082493503,0.352596115,0.941683106,0.633292442,0.861476203,0,1,0,0,0,0,1
342.8415306,225.2489379,50.37005722,4.080886555,11.72183531,42.25862386,157.2358696,0.87519961,0.58505101,0.815617586,0.519098939,0.690211282,0.475214033,0.240544919,0.262178521,0.125421881,0.804332918,0,1,0,0,1,0,0
267.4487203,192.5162426,57.67902408,5.192753849,20.19996166,36.2359223,134.249267,0.027653157,0.967400602,0.750343187,0.096803219,0.866660575,0.287292882,0.594647681,0.096301802,0.610462152,0.245635312,1,0,0,0,0,1,0
248.2878579,201.4848494,55.89879821,4.634944783,15.74232844,56.66578562,135.8463008,0.660338596,0.961606116,0.287833762,0.889762136,0.104091932,0.879681543,0.928642488,0.626613436,0.24035191,0.911048508,0,0,0,1,0,0,1
334.0797259,214.8151033,46.3614119,3.208672452,20.05608479,43.52602724,166.9724801,0.414438873,0.650200336,0.494971619,0.061844783,0.305695379,0.284927053,0.719852028,0.09092593,0.336721342,0.040155022,0,0,0,1,0,0,1
259.8295168,219.299434,41.94373492,4.941413449,19.22573164,51.74230351,130.9386284,0.791281552,0.505907984,0.186211595,0.44969443,0.694291487,0.941687071,0.767360862,0.782135363,0.40883158,0.752573121,0,0,1,0,1,0,0
265.5225111,152.8812977,38.81688076,4.682456906,18.77369175,48.17702565,116.8662613,0.721198113,0.466021744,0.188399523,0.284694066,0.022017979,0.546132749,0.95089311,0.256742408,0.116194796,0.457868785,0,1,0,0,0,0,1
277.2233748,193.7928897,48.68945988,3.367576698,4.91936823,45.3004288,139.6327378,0.480107807,0.890378561,0.435841213,0.154869416,0.734075678,0.32361371,0.634091081,0.538751858,0.963093605,0.835459394,0,0,1,0,0,1,0
300.873958,226.4053674,61.3307988,4.932865845,23.20331667,51.72196301,166.6967921,0.643864037,0.028256683,0.738592221,0.783836691,0.857978579,0.813545017,0.577730941,0.81137704,0.973764454,0.465485967,1,0,0,0,0,0,1
282.3003044,149.0568254,30.48195899,6.489355962,14.91535383,54.78796621,121.7970591,0.501773131,0.113808198,0.52658426,0.714932399,0.453304052,0.697400378,0.601867976,0.788035369,0.445001689,0.065582096,0,1,0,0,0,0,1
231.2524353,211.6184143,43.4010827,5.521303748,11.00669574,61.65482114,123.6027683,0.811518471,0.102071729,0.886683221,0.14594789,0.434329903,0.413962496,0.865805257,0.495975027,0.257466478,0.226545532,0,0,1,0,0,0,1
267.8190799,132.3330731,38.60197545,5.611927193,19.88790866,52.35776285,115.6360559,0.476083986,0.756935325,0.830908798,0.632765641,0.278468962,0.629618303,0.388099035,0.975846413,0.958594447,0.994374835,0,1,0,0,1,0,0
188.8298424,169.3247947,57.84957521,3.658503274,19.46527005,53.83902949,108.998545,0.52315599,0.339651024,0.031605443,0.792555167,0.00505187,0.778584264,0.795336225,0.497633157,0.818057397,0.334177603,0,1,0,0,0,1,0
331.2615726,201.1589166,44.45690373,5.476898369,14.9183657,62.12472728,157.6768,0.250520586,0.637968545,0.568419043,0.77333222,0.186303517,0.851557794,0.652256935,0.278791417,0.724228606,0.160305217,0,0,1,0,0,0,1
219.8971172,150.2985469,45.29362342,5.148449581,5.139006713,52.20199312,108.3090125,0.605043017,0.603782904,0.609161264,0.092279598,0.979864118,0.816412714,0.304571551,0.302431245,0.461811787,0.805830826,0,0,1,0,1,0,0
244.780833,170.4346779,47.8305043,5.529045238,11.2078127,53.67954064,114.5456875,0.302904809,0.38582797,0.961575144,0.685512719,0.867286077,0.166077089,0.013688411,0.743642724,0.410578701,0.045069827,0,1,0,0,0,0,1
302.608254,155.8449498,54.45393251,5.422628622,17.11639209,32.60549323,135.5493023,0.577284015,0.531567722,0.023236627,0.716023921,0.266504639,0.828389553,0.20991999,0.437107039,0.779349272,0.066408751,1,0,0,0,0,1,0
263.0218502,249.444048,46.07611002,3.640219274,14.5675809,50.2959306,145.6520166,0.169678116,0.645138534,0.531103771,0.862166267,0.963748857,0.058629059,0.699988765,0.418788485,0.519613678,0.297518779,0,0,0,1,0,0,1
377.1507298,204.9268327,19.53856945,4.958599188,8.019972954,29.46324117,167.3570345,0.159469092,0.94095033,0.204781362,0.508044339,0.367712616,0.200170682,0.57969031,0.020486595,0.660582139,0.047400975,0,1,0,0,1,0,0
235.3571545,217.0187083,55.43311891,4.24212914,18.77399757,50.56058557,132.1304965,0.417029741,0.575634073,0.053662906,0.461094,0.297585375,0.62292672,0.2745947,0.30527816,0.566192982,0.995712684,1,0,0,0,0,0,1
313.3525435,193.319747,54.39042958,4.949915906,12.89987466,45.53754399,153.2296323,0.426819515,0.614367512,0.587488525,0.965116325,0.152807635,0.114692525,0.434302471,0.86038308,0.712185407,0.691128886,0,1,0,0,0,0,1
298.0358591,189.3970475,47.80458972,4.102599073,6.079475104,53.82377041,152.7782616,0.268109265,0.067855818,0.772604144,0.796512256,0.90161107,0.603347595,0.661148766,0.803504498,0.094105004,0.519586441,0,0,1,0,0,0,1
241.5953251,151.5057743,39.15963379,6.312470367,20.08567086,56.99045602,117.7407422,0.13159685,0.952215815,0.774865449,0.558730991,0.986992491,0.307965691,0.12708614,0.74651086,0.377621093,0.80516639,1,0,0,0,1,0,0
326.163833,191.2448791,53.51780111,4.141027612,16.8172934,54.61404085,156.7205174,0.039210539,0.528081928,0.03028841,0.330617071,0.327411404,0.429466585,0.432279581,0.023128387,0.167089189,0.662486801,1,0,0,0,0,0,1
291.4226834,177.1552336,53.79235534,4.101057844,17.07929409,51.24436066,132.3539283,0.025231827,0.80127342,0.4069464,0.845237996,0.703430423,0.315151503,0.416624215,0.026990291,0.2420439,0.173264954,0,1,0,0,0,0,1
338.5895276,225.7377177,45.29967117,5.074586407,9.948149331,47.20996192,152.1306887,0.27155029,0.050291063,0.044509627,0.455436389,0.33530341,0.070173568,0.54260102,0.311464959,0.200824277,0.2196338,0,0,0,1,1,0,0
341.1752077,234.233056,47.83268529,3.922900931,13.83986171,74.56829055,162.668388,0.461853442,0.420910136,0.247838647,0.092685192,0.104990739,0.500758753,0.52191368,0.474453272,0.503322299,0.867694286,0,1,0,0,1,0,0
408.1617975,243.9973615,40.69843497,4.575336698,18.19524357,50.25979146,188.5006803,0.726243281,0.256975459,0.192880703,0.454904273,0.392692307,0.963599444,0.367726685,0.909741268,0.018992989,0.336961327,0,0,0,1,0,1,0
366.8263975,225.5765582,48.21410908,4.170035402,13.86019378,48.81014446,170.4781595,0.474871701,0.266975899,0.215182579,0.871968396,0.551569961,0.611783348,0.762733629,0.384629816,0.963967602,0.447640343,1,0,0,0,1,0,0
