SKU ID,Date,Online_Clicks,Online_Cost,Online_Impressions
SKU1029,05-01-21,474,1678.909243,53917
SKU1054,05-08-21,1093,7198.857206,178173
SKU1056,11-05-22,1041,5606.85011,224078
SKU1019,3/20/2021,965,4189.187114,191202
SKU1021,04-09-22,860,2890.776596,212875
SKU1044,4/23/2022,965,2229.610374,199213
SKU1017,06-11-22,902,2019.666155,181299
SKU1017,7/30/2022,1056,2508.486635,183938
SKU1039,5/22/2021,1199,2867.320802,219013
SKU1042,12/24/2022,795,3840.853707,195666
SKU1029,4/16/2022,819,3449.1737,134245
SKU1033,12/24/2022,773,2452.213885,119115
SKU1058,01-02-21,905,3654.968529,133870
SKU1044,4/17/2021,604,1995.192395,152981
SKU1040,5/15/2021,391,1029.748473,164272
SKU1013,07-10-21,572,994.9643222,167733
SKU1038,7/17/2021,571,1072.514864,169022
SKU1057,12/18/2021,405,1003.843023,129991
SKU1015,2/26/2022,412,1009.483562,130767
SKU1028,4/30/2022,413,1023.18982,161883
SKU1033,06-11-22,391,1037.389503,234710
SKU1042,12-03-22,487,1839.07552,76170
SKU1045,01-02-21,724,3270.667499,131386
SKU1038,3/13/2021,561,1145.202772,82900
SKU1039,6/26/2021,523,1006.812665,89544
SKU1053,8/14/2021,591,946.4445327,129334
SKU1042,09-04-21,865,3315.311906,189362
SKU1055,3/26/2022,866,3632.672178,190011
SKU1043,06-04-22,630,2244.9682,128478
SKU1048,06-05-21,411,1122.174244,53130
SKU1029,8/21/2021,501,1464.657984,68486
SKU1025,10/23/2021,475,1449.956018,68674
SKU1017,3/19/2022,425,1007.789539,80841
SKU1050,5/14/2022,394,1074.701585,50505
SKU1056,10/15/2022,779,2290.630345,203562
SKU1017,11-05-22,795,2541.033066,196918
SKU1054,8/14/2021,520,2658.454823,101816
SKU1051,10/23/2021,506,2378.818782,92858
SKU1049,2/26/2022,503,2370.54001,120327
SKU1036,3/19/2022,563,3623.335103,184000
SKU1049,3/26/2022,550,2441.189635,175787
SKU1048,5/28/2022,976,5112.228792,310850
SKU1039,08-06-22,933,7629.625186,254060
SKU1045,11-12-22,1099,7961.825419,259398
SKU1021,12-03-22,1199,5625.808678,231438
SKU1046,12/24/2022,1147,5152.457071,205840
SKU1034,01-09-21,1274,5489.729741,227679
SKU1037,3/27/2021,1351,7191.572553,298816
SKU1036,02-12-22,1195,5623.777701,270323
SKU1022,2/26/2022,921,3493.046714,237812
SKU1036,10/22/2022,912,3656.199933,224416
SKU1051,01-02-21,718,2666.365557,148913
SKU1017,02-06-21,448,1562.689014,61780
SKU1025,7/17/2021,483,1652.318862,67834
SKU1040,10/30/2021,491,1636.790631,70466
SKU1041,11/20/2021,787,2755.166912,135873
SKU1012,12/25/2021,497,2028.467693,110223
SKU1042,7/23/2022,388,1033.800468,49981
SKU1057,11-12-22,784,3067.483221,152583
SKU1017,8/28/2021,770,3456.306928,143505
SKU1023,10/23/2021,780,3406.114657,146000
SKU1033,03-05-22,729,2446.78448,136683
SKU1021,03-06-21,581,1850.647476,99179
SKU1054,09-11-21,490,1527.521866,75960
SKU1017,10/23/2021,514,1470.229276,73631
SKU1036,11/20/2021,493,1265.737696,68425
SKU1030,07-02-22,566,1812.858398,87306
SKU1034,09-10-22,844,3184.559796,168807
SKU1042,10/22/2022,724,2923.355817,157527
SKU1054,10/29/2022,987,5421.187829,343311
SKU1046,05-08-21,1076,5754.681999,400062
SKU1026,7/24/2021,756,3860.186052,242653
SKU1024,8/21/2021,1220,7213.654516,353133
SKU1051,07-09-22,550,2588.833861,129493
SKU1027,10-08-22,406,946.7282847,101974
SKU1029,12/24/2022,541,1263.497208,104431
SKU1052,08-07-21,629,1443.48155,132023
SKU1051,11-06-21,667,1164.424189,140385
SKU1025,12/18/2021,799,2197.659528,179406
SKU1020,11/26/2022,644,2307.82925,128283
SKU1035,04-03-21,741,1876.19041,139492
SKU1014,09-11-21,730,1736.315317,128915
SKU1042,3/26/2022,741,1879.619721,129873
SKU1039,8/27/2022,901,2676.316901,153535
SKU1052,12/17/2022,868,3369.263286,148785
SKU1056,10/30/2021,666,3556.595684,111336
SKU1055,12/18/2021,636,2259.174457,84262
SKU1054,03-05-22,723,2531.273219,95854
SKU1053,1/23/2021,556,1664.84983,126980
SKU1031,06-05-21,536,1937.643883,159303
SKU1056,10-02-21,432,1475.040926,89499
SKU1032,5/28/2022,428,1713.324354,102253
SKU1028,07-02-22,560,1914.981155,124015
SKU1023,10-08-22,932,2827.485212,180352
SKU1031,12/24/2022,1082,3162.078218,207142
SKU1055,11/13/2021,397,982.3217567,63373
SKU1027,11-06-21,400,1022.409086,50015
SKU1057,1/22/2022,407,973.2786102,49997
SKU1019,04-09-22,400,1047.124358,58163
SKU1019,1/23/2021,398,974.4502117,77766
SKU1051,9/18/2021,399,1014.451065,80981
SKU1048,10-09-21,398,962.7990172,85290
SKU1058,9/24/2022,404,1020.363767,73319
SKU1034,09-03-22,387,938.1356082,72177
SKU1033,3/27/2021,402,1022.119305,90352
SKU1020,10-02-21,404,967.4505878,75413
SKU1011,1/15/2022,395,980.596759,55903
SKU1034,06-11-22,379,1042.260438,66199
SKU1037,10-08-22,400,1002.960987,52208
SKU1020,05-08-21,403,971.2649986,68140
SKU1052,7/24/2021,421,973.2827489,54331
SKU1014,11/13/2021,397,999.2292641,67064
SKU1015,12-11-21,830,3286.296106,136526
SKU1027,4/16/2022,758,3768.609049,143753
SKU1048,01-02-21,688,3324.876552,136532
SKU1012,4/17/2021,530,2165.4571,117453
SKU1036,5/15/2021,607,2137.08144,118238
SKU1015,8/14/2021,516,1729.098031,88394
SKU1027,12/18/2021,432,1256.275141,54967
SKU1047,5/14/2022,385,1235.822239,57489
SKU1020,5/21/2022,447,1360.294546,62023
SKU1023,06-11-22,1818,3232.237048,229690
SKU1045,08-06-22,1768,3498.687211,225638
SKU1028,10-08-22,1400,2775.038953,212057
SKU1013,11-05-22,603,1472.504956,136465
SKU1056,2/13/2021,537,1637.270072,107624
SKU1049,3/27/2021,755,2593.076391,124845
SKU1034,1/29/2022,506,1374.225561,72095
SKU1028,3/19/2022,726,1948.999404,112022
SKU1056,5/14/2022,836,2117.734236,126156
SKU1031,06-11-22,741,2373.989316,106979
SKU1025,8/13/2022,772,2921.140171,121549
SKU1024,03-06-21,1040,3420.832294,176657
SKU1017,7/31/2021,705,2055.665073,101219
SKU1041,10/30/2021,1172,3313.754229,169848
SKU1037,5/14/2022,1377,3436.255818,197946
SKU1029,6/25/2022,1750,3795.281719,267653
SKU1012,1/16/2021,1924,4080.012382,265412
SKU1042,03-06-21,1135,2307.122252,153921
SKU1057,04-10-21,973,2266.595326,134473
SKU1038,10-02-21,974,1947.636279,158150
SKU1028,2/26/2022,891,2501.362014,133588
SKU1018,5/21/2022,755,2238.653,119509
SKU1042,8/20/2022,685,1658.105262,106599
SKU1014,10/15/2022,671,1687.689795,113916
SKU1032,03-05-22,608,1624.676306,108218
SKU1024,8/27/2022,548,1633.524149,93984
SKU1023,4/17/2021,809,1922.196185,133844
SKU1033,05-01-21,761,2611.755608,132529
SKU1032,06-05-21,618,1800.909142,105837
SKU1045,01-01-22,600,1684.79583,97460
SKU1058,6/18/2022,800,2804.847435,127578
SKU1037,9/25/2021,825,2530.276104,120245
SKU1043,10/16/2021,885,2934.103296,141323
SKU1027,12-04-21,1239,4579.532673,216992
SKU1050,07-09-22,1910,8544.127544,396083
SKU1016,4/17/2021,1552,8146.063897,308950
SKU1024,4/23/2022,1143,7283.840268,243101
SKU1014,7/16/2022,525,1608.547781,71013
SKU1058,10-08-22,800,2647.752119,100953
SKU1023,06-05-21,1030,3833.173757,204079
SKU1031,7/17/2021,698,2650.412541,172786
SKU1013,08-07-21,572,2597.460172,152694
SKU1032,9/25/2021,507,1952.346642,130595
SKU1050,03-12-22,463,2204.777298,142537
SKU1039,3/19/2022,566,2412.343186,172686
SKU1038,4/23/2022,608,2208.289793,154644
SKU1050,8/27/2022,541,1678.949629,100304
SKU1020,06-05-21,443,1237.337863,71089
SKU1032,09-04-21,435,1141.419107,64742
SKU1021,9/25/2021,448,1066.387833,62215
SKU1024,10-09-21,464,1119.474877,55239
SKU1054,5/21/2022,969,3919.613647,211701
SKU1038,5/15/2021,805,3435.801633,147720
SKU1058,10-01-22,1419,6990.821147,371434
SKU1022,05-01-21,1478,7165.372749,418867
SKU1049,9/25/2021,1303,7681.312898,329824
SKU1047,04-09-22,1445,9908.186239,402233
SKU1016,5/14/2022,821,5084.360826,176647
SKU1031,02-06-21,753,4561.271017,157827
SKU1015,3/13/2021,812,3532.705784,109440
SKU1049,4/24/2021,946,4195.219192,125470
SKU1038,05-08-21,980,4344.235853,151322
SKU1032,07-10-21,656,2075.921179,77158
SKU1019,12-04-21,707,1825.651455,111534
SKU1053,03-06-21,491,2137.564643,74441
SKU1040,7/24/2021,691,2978.020445,146275
SKU1012,10-09-21,577,2015.347401,88813
SKU1028,04-02-22,733,2750.689545,123182
SKU1018,8/13/2022,739,2583.038798,166023
SKU1058,09-04-21,951,2827.371227,197941
SKU1042,07-02-22,799,2683.625953,169363
SKU1026,2/20/2021,400,962.5840772,74474
SKU1030,9/24/2022,414,984.3608118,68826
SKU1014,1/16/2021,406,1677.094758,86253
SKU1027,8/14/2021,540,1539.363278,90892
SKU1017,12/25/2021,521,1209.687255,73865
SKU1031,5/28/2022,507,1364.828819,80007
SKU1044,06-04-22,497,1356.043025,73603
SKU1024,8/20/2022,481,1523.094695,79532
SKU1051,12/31/2022,527,2189.415753,105339
SKU1027,10-02-21,502,1793.675957,87957
SKU1012,1/29/2022,487,2043.892224,83615
SKU1058,10/15/2022,484,2094.170091,94848
SKU1058,12/31/2022,640,3590.499248,139398
SKU1021,7/31/2021,546,2632.004447,129432
SKU1025,10-09-21,554,2843.452717,144245
SKU1018,12/25/2021,581,2633.711585,76992
SKU1043,4/16/2022,753,3210.381587,106204
SKU1055,10/22/2022,800,3025.378808,94939
SKU1016,1/30/2021,394,984.7362421,164685
SKU1015,06-12-21,387,1031.721684,240925
SKU1056,07-10-21,408,1007.412683,228008
SKU1057,10/23/2021,408,995.1861014,217576
SKU1048,1/22/2022,428,1004.357255,234072
SKU1044,01-02-21,392,992.2425989,277987
SKU1054,7/17/2021,1511,3212.73161,400704
SKU1043,12/18/2021,1498,3192.366655,403838
SKU1040,2/26/2022,1462,3182.198366,388046
SKU1022,8/27/2022,1427,3423.200314,375910
SKU1057,10/15/2022,1485,3576.113361,376778
SKU1034,01-02-21,1558,3474.727013,396168
SKU1022,01-09-21,1645,3524.314853,426637
SKU1051,7/31/2021,1370,3088.635845,312041
SKU1052,10/23/2021,1210,2599.072542,226216
SKU1033,11/20/2021,1243,3421.952091,200579
SKU1045,11/27/2021,920,3603.364651,130328
SKU1053,09-10-22,657,2122.109061,116678
SKU1046,2/20/2021,648,1721.701016,96573
SKU1019,07-10-21,680,1852.975546,95200
SKU1026,10/23/2021,771,2173.04562,116367
SKU1050,01-08-22,657,1937.388624,97131
SKU1058,8/27/2022,662,2011.890235,100494
SKU1049,04-03-21,537,1808.688122,61881
SKU1035,12-04-21,557,1433.727136,70668
SKU1047,1/15/2022,815,2898.02036,113489
SKU1037,1/22/2022,581,2534.810065,118839
SKU1052,12/31/2022,604,2218.161188,134372
SKU1030,3/13/2021,399,1031.874133,113012
SKU1014,09-04-21,398,982.0619893,86729
SKU1030,10/16/2021,408,989.167451,90068
SKU1036,4/16/2022,395,1016.638899,70912
SKU1015,11-12-22,474,1150.799232,78844
SKU1029,2/20/2021,471,1261.401729,74284
SKU1016,03-06-21,389,977.0508892,72370
SKU1049,7/31/2021,672,2568.671044,50271
SKU1018,12/18/2021,783,2573.388648,170287
SKU1014,12/25/2021,466,1357.544186,88774
SKU1039,04-02-22,453,977.0116557,57359
SKU1038,5/28/2022,727,3145.736901,166375
SKU1036,8/27/2022,778,3676.783526,266991
SKU1049,05-08-21,834,3804.965265,317610
SKU1044,06-05-21,1081,5891.056077,330255
SKU1015,01-08-22,458,1059.163734,127956
SKU1050,1/15/2022,401,994.1765047,71316
SKU1031,01-02-21,714,1761.372049,199671
SKU1011,2/13/2021,700,1878.863948,218357
SKU1031,07-10-21,642,1996.658991,197427
SKU1035,7/17/2021,520,1990.603702,192651
SKU1028,12/25/2021,556,2146.320376,157279
SKU1019,05-07-22,681,1969.956427,239631
SKU1043,04-02-22,612,1936.630729,141474
SKU1017,5/21/2022,491,1787.609455,101881
SKU1026,7/16/2022,1136,4209.491199,207503
SKU1019,11-05-22,958,3758.845588,169140
SKU1056,12/24/2022,795,3451.892029,150645
SKU1039,2/19/2022,645,4326.073211,161050
SKU1052,8/13/2022,406,1011.277443,152817
SKU1054,05-01-21,394,1012.07144,121694
SKU1048,04-09-22,1126,5610.363625,292160
SKU1050,04-03-21,523,2628.784434,185815
SKU1019,7/17/2021,765,5051.211247,230101
SKU1046,11/27/2021,981,6131.382417,295425
SKU1047,7/30/2022,451,1037.680031,60124
SKU1057,6/19/2021,555,1774.530395,70429
SKU1033,3/26/2022,1341,6161.272157,276738
SKU1013,5/28/2022,671,2468.608021,102122
SKU1021,7/16/2022,877,2656.456342,120228
SKU1046,09-10-22,924,3858.057974,144781
SKU1038,12-10-22,922,3778.421437,156321
SKU1038,04-02-22,929,3142.957723,150269
SKU1023,4/23/2022,849,3421.092368,148366
SKU1029,5/14/2022,671,2280.170631,113310
SKU1019,06-04-22,529,1821.93885,80078
SKU1054,10/22/2022,546,1863.357715,78672
SKU1023,2/20/2021,504,1505.05276,73673
SKU1014,04-10-21,565,1764.296804,80642
SKU1043,7/17/2021,388,1022.666727,50006
SKU1035,7/24/2021,1125,4210.418653,231188
SKU1024,9/25/2021,523,1076.719673,89151
SKU1039,10-02-21,704,1209.274758,143015
SKU1039,12/25/2021,388,1003.868648,49995
SKU1020,01-08-22,390,1028.612965,50009
SKU1017,06-04-22,895,4364.838542,180035
SKU1022,11/26/2022,841,2559.951379,164770
SKU1058,2/13/2021,737,3026.137404,163218
SKU1016,7/30/2022,752,1361.814821,140651
SKU1053,8/27/2022,1824,2449.101919,509479
SKU1021,01-02-21,1690,2589.464972,470609
SKU1032,1/16/2021,1586,2831.686712,427978
SKU1023,04-03-21,1559,3118.29633,407982
SKU1037,6/19/2021,1707,2875.921491,456660
SKU1051,1/29/2022,1793,3302.79967,489951
SKU1043,3/26/2022,1820,3286.335783,433788
SKU1039,8/20/2022,1685,3092.536881,447453
SKU1038,02-06-21,1630,3394.712624,429205
SKU1048,10/22/2022,1294,2692.319641,360215
SKU1044,2/27/2021,1312,2867.576402,380334
SKU1022,5/22/2021,1331,3120.287836,380179
SKU1014,7/24/2021,1346,3258.28121,364613
SKU1036,7/30/2022,1407,3069.391256,385075
SKU1039,11-05-22,1436,2930.580264,401771
SKU1049,2/27/2021,1274,2590.847804,325123
SKU1048,3/13/2021,1270,2306.837036,254126
SKU1028,06-12-21,675,2375.936043,77035
SKU1018,11/27/2021,685,3060.392882,113913
SKU1021,2/27/2021,725,2905.252368,132056
SKU1016,10-02-21,606,2116.236969,77124
SKU1033,11/13/2021,553,2347.592866,59767
SKU1033,4/30/2022,739,2087.756893,131914
SKU1045,01-09-21,941,3313.32944,164606
SKU1029,1/29/2022,927,3049.203603,171720
SKU1034,05-07-22,627,1753.133816,100683
SKU1029,06-04-22,889,2236.512164,127617
SKU1045,7/30/2022,841,2984.648137,107680
SKU1025,11/26/2022,1031,5040.615834,171354
SKU1021,4/17/2021,833,2344.097094,126603
SKU1046,05-01-21,833,4069.865968,129182
SKU1016,5/15/2021,799,3225.529104,114840
SKU1054,7/24/2021,962,3643.30634,144682
SKU1054,08-07-21,1095,4267.493242,187165
SKU1032,1/15/2022,1172,5182.467495,187744
SKU1026,5/28/2022,1047,4551.985415,161655
SKU1056,3/27/2021,847,2814.940245,124812
SKU1021,07-03-21,841,2957.724048,128044
SKU1047,11/20/2021,660,2105.784254,95195
SKU1052,9/24/2022,468,1322.242719,67235
SKU1026,11/20/2021,477,1248.458367,66396
SKU1026,2/19/2022,490,1450.384886,68696
SKU1022,4/16/2022,518,2043.32415,75075
SKU1038,06-12-21,608,2988.751104,105863
SKU1048,8/21/2021,572,1750.589911,97461
SKU1021,06-04-22,602,2087.255489,79995
SKU1047,02-06-21,639,2768.351935,94518
SKU1054,06-05-21,803,2842.833926,133339
SKU1043,6/26/2021,410,971.9238889,50001
SKU1037,07-10-21,753,2049.119324,163360
SKU1017,8/14/2021,620,1932.576559,118747
SKU1039,9/25/2021,421,1458.603095,56984
SKU1050,4/30/2022,490,1059.446542,52919
SKU1025,6/25/2022,692,1348.114221,91043
SKU1033,6/19/2021,923,3935.987711,222365
SKU1045,9/18/2021,821,3306.582725,198755
SKU1057,1/15/2022,1183,6823.498247,283806
SKU1022,06-11-22,1062,6200.196528,245713
SKU1057,1/30/2021,1084,3043.678493,199960
SKU1044,3/27/2021,1165,3582.623135,258934
SKU1028,11/20/2021,1193,3809.083717,231681
SKU1058,02-05-22,1182,3847.969037,250223
SKU1012,3/26/2022,1066,3428.658309,198214
SKU1042,4/16/2022,1115,3307.305206,216095
SKU1024,02-06-21,830,2444.766488,157569
SKU1044,07-03-21,941,3432.147538,157934
SKU1025,8/28/2021,583,1858.889807,87398
SKU1030,2/26/2022,721,3552.603692,98832
SKU1047,06-11-22,964,6121.464177,142616
SKU1056,06-12-21,907,3990.783888,169224
SKU1055,08-07-21,995,4056.528643,161215
SKU1022,4/23/2022,872,3012.871053,147314
SKU1027,06-04-22,740,2510.343382,121168
SKU1023,09-10-22,661,2306.082537,101747
SKU1033,1/16/2021,591,2246.061756,81285
SKU1050,06-12-21,832,3851.671191,136734
SKU1053,8/28/2021,814,4883.030821,135259
SKU1016,10/23/2021,796,3564.898558,113991
SKU1046,01-01-22,833,4021.375594,130652
SKU1029,02-12-22,779,4029.397135,126987
SKU1027,8/20/2022,579,3582.885502,84092
SKU1038,1/16/2021,753,1957.269998,116547
SKU1018,12/17/2022,856,2897.649639,140381
SKU1056,3/20/2021,882,2969.250289,139767
SKU1050,07-03-21,650,2362.766936,105677
SKU1014,05-08-21,959,4559.106118,183326
SKU1022,8/28/2021,903,4236.838496,218551
SKU1028,09-04-21,1027,4257.706059,357765
SKU1021,9/18/2021,753,2570.496982,165744
SKU1050,11-06-21,1162,4015.816055,232707
SKU1047,03-12-22,1253,3669.638183,276882
SKU1020,08-06-22,1721,4019.917132,331292
SKU1023,09-03-22,1501,3880.115308,320755
SKU1051,11/26/2022,437,1409.341134,141273
SKU1045,3/20/2021,391,1049.6377,103377
SKU1031,8/14/2021,392,1024.938375,131262
SKU1042,12-11-21,385,1050.350362,130329
SKU1057,04-09-22,534,1517.954162,138798
SKU1025,4/23/2022,527,1358.977211,125622
SKU1057,4/17/2021,406,1008.888451,100736
SKU1013,6/19/2021,407,993.3221571,93371
SKU1053,12/25/2021,477,1161.503088,152046
SKU1024,08-06-22,542,1342.193353,141585
SKU1029,3/20/2021,480,1102.67398,142767
SKU1029,11-05-22,616,2456.554119,165686
SKU1042,11/19/2022,636,2298.224293,162587
SKU1044,11/26/2022,679,2709.467223,183488
SKU1039,05-08-21,874,3973.799012,276731
SKU1056,8/14/2021,953,5802.785222,307130
SKU1042,02-05-22,1558,9520.419243,530602
SKU1050,2/26/2022,1127,7330.327477,296621
SKU1016,04-02-22,1173,7269.054799,262877
SKU1037,5/28/2022,1366,6676.864176,242967
SKU1051,9/24/2022,1165,5047.600259,170271
SKU1044,1/16/2021,479,1254.227123,62878
SKU1018,3/20/2021,856,2946.585274,122871
SKU1049,8/21/2021,608,2125.080351,88704
SKU1057,02-12-22,397,1038.978707,49997
SKU1053,7/16/2022,908,5834.695511,180328
SKU1055,12/24/2022,1178,6350.055801,219565
SKU1026,9/18/2021,1025,4880.40397,179893
SKU1026,10-08-22,813,4816.666118,182649
SKU1045,12/25/2021,641,1378.527874,93211
SKU1037,2/26/2022,1242,1979.691551,235499
SKU1021,4/16/2022,1219,2371.865039,254253
SKU1035,06-11-22,1244,2445.075668,282422
SKU1017,11-12-22,1270,2510.936663,287454
SKU1028,4/17/2021,1214,2321.397585,300919
SKU1018,06-12-21,1158,2384.657823,274399
SKU1047,1/22/2022,1012,2084.565845,207282
SKU1026,8/27/2022,971,2138.295382,186692
SKU1043,12/24/2022,973,2238.54152,238223
SKU1032,03-06-21,1096,2434.680888,242659
SKU1018,4/24/2021,1115,2508.443507,214796
SKU1035,6/25/2022,1159,2465.161255,219261
SKU1058,08-06-22,1104,2408.196766,218851
SKU1043,9/17/2022,1030,2197.910365,200843
SKU1037,11-05-22,777,1714.705548,134965
SKU1039,2/13/2021,950,3784.402041,190641
SKU1041,10-09-21,958,2886.460219,168464
SKU1050,1/29/2022,809,2229.93564,129549
SKU1046,9/17/2022,828,2667.633686,128900
SKU1020,8/14/2021,1061,4381.995213,180364
SKU1029,8/28/2021,1203,5319.009643,212376
SKU1019,11/20/2021,955,4714.640127,164657
SKU1018,9/24/2022,850,4269.035906,140017
SKU1014,10/22/2022,722,3074.85921,107422
SKU1052,3/13/2021,693,2687.971525,104933
SKU1041,10/23/2021,733,3139.601961,120028
SKU1012,12/24/2022,617,2536.787271,90338
SKU1055,7/16/2022,893,2855.827748,145519
SKU1025,1/23/2021,928,3100.264838,149316
SKU1038,3/20/2021,965,3621.166469,166172
SKU1036,07-03-21,1127,4206.271116,188546
SKU1014,05-07-22,753,2829.431645,99687
SKU1030,03-12-22,692,2296.156547,99678
SKU1033,06-04-22,595,1740.756918,72832
SKU1013,12/17/2022,954,2720.367145,141224
SKU1016,6/26/2021,1220,3381.895319,228158
SKU1027,03-05-22,1504,3576.897155,294686
SKU1026,03-12-22,1323,3115.088478,232963
SKU1053,4/30/2022,1141,2913.828246,163631
SKU1024,6/18/2022,1024,2867.996849,175622
SKU1027,07-09-22,1056,2795.650173,198120
SKU1018,11/26/2022,1042,3331.972191,204260
SKU1029,04-10-21,874,2892.475142,191225
SKU1021,2/26/2022,761,2192.538381,159453
SKU1051,11/19/2022,740,2089.170596,149060
SKU1055,1/30/2021,723,2091.261913,149604
SKU1043,5/28/2022,909,2493.293863,198460
SKU1019,02-06-21,810,2987.352798,177802
SKU1024,10/30/2021,826,2990.162823,177737
SKU1038,9/17/2022,850,2833.969196,191356
SKU1028,12-03-22,812,3220.982814,159524
SKU1053,5/22/2021,912,3810.235348,189188
SKU1029,07-10-21,1169,6106.045336,254560
SKU1027,01-02-21,1346,7644.200362,311889
SKU1017,6/19/2021,1037,6074.957017,222128
SKU1028,4/23/2022,486,1373.163757,65917
SKU1050,09-03-22,815,3093.194237,149877
SKU1055,12-10-22,658,2287.079951,123329
SKU1039,12/24/2022,545,1859.700684,115442
SKU1021,04-10-21,461,1404.134204,85857
SKU1012,05-08-21,426,1107.073991,72222
SKU1015,7/24/2021,471,1384.90008,94296
SKU1049,9/18/2021,534,1757.123754,114347
SKU1026,7/30/2022,578,1977.525234,114446
SKU1034,10/29/2022,519,1616.857013,85832
SKU1047,5/29/2021,423,1222.439664,60788
SKU1021,11-06-21,440,1246.919363,61259
SKU1025,1/29/2022,433,1265.979975,61707
SKU1015,03-12-22,581,1689.355339,78483
SKU1029,04-09-22,765,2684.799163,134671
SKU1018,05-07-22,618,1911.687896,106982
SKU1020,01-02-21,820,3567.161477,160821
SKU1033,2/27/2021,648,2876.701518,125599
SKU1020,04-10-21,514,1922.419692,66624
SKU1050,4/17/2021,556,2063.136441,76062
SKU1056,05-08-21,543,1716.029075,67507
SKU1045,5/15/2021,604,2213.976091,78988
SKU1043,07-10-21,621,2301.719011,119613
SKU1041,9/18/2021,647,2848.023085,119030
SKU1026,10-02-21,397,1015.895911,50011
SKU1052,7/30/2022,965,2192.720614,178671
SKU1044,2/13/2021,423,1033.640157,58133
SKU1025,03-06-21,502,1369.339612,74024
SKU1015,07-03-21,725,3786.794613,50332
SKU1039,07-10-21,1673,5334.911502,298135
SKU1030,8/14/2021,679,1952.680532,50292
SKU1057,10-09-21,1290,3590.064604,104582
SKU1058,8/20/2022,1398,5801.52079,126326
SKU1036,11/19/2022,1585,8005.762732,232384
SKU1039,11/26/2022,1212,5851.973349,209533
SKU1030,12-10-22,910,4889.927265,173026
SKU1048,8/28/2021,597,2079.926401,86801
SKU1041,5/21/2022,976,4683.101321,171866
SKU1041,10-01-22,1278,4781.572649,208697
SKU1034,1/16/2021,1218,4247.10694,182965
SKU1017,5/14/2022,1394,5183.595831,198527
SKU1032,5/21/2022,1562,7442.987561,229576
SKU1022,1/16/2021,1429,5789.789575,179132
SKU1011,3/13/2021,1276,3760.275382,167392
SKU1045,11-06-21,666,1634.661306,88776
SKU1055,02-12-22,573,1510.527226,71357
SKU1019,8/13/2022,566,1342.344795,64311
SKU1049,5/21/2022,658,2751.20935,105957
SKU1014,03-05-22,1086,4704.522134,199874
SKU1045,1/23/2021,809,3957.258806,162997
SKU1049,8/14/2021,435,1862.381724,52151
SKU1036,12-04-21,688,4506.247133,123678
SKU1050,3/19/2022,537,2660.664897,76673
SKU1031,10-01-22,1034,5053.684247,158345
SKU1056,2/27/2021,996,4544.330162,135933
SKU1017,10-02-21,894,5275.610706,143511
SKU1056,06-11-22,717,3550.684118,99140
SKU1046,9/18/2021,739,1338.23371,146541
SKU1023,1/22/2022,797,1306.665187,194576
SKU1051,03-12-22,932,1718.789918,239416
SKU1022,04-09-22,900,1909.119269,280733
SKU1018,7/16/2022,721,1622.774081,280972
SKU1052,9/17/2022,947,1871.049446,332953
SKU1013,10/15/2022,1379,3075.118681,277226
SKU1024,11/26/2022,1445,3103.82486,266598
SKU1028,05-08-21,1284,2974.969813,245324
SKU1029,5/21/2022,1419,3507.145644,237633
SKU1039,6/18/2022,1324,3356.703289,243679
SKU1020,07-02-22,1197,3047.496484,193959
SKU1058,10/22/2022,857,1754.329793,161579
SKU1057,01-02-21,417,1003.260731,49995
SKU1041,1/23/2021,400,1016.539835,50001
SKU1019,07-02-22,727,3976.256324,50337
SKU1027,10/15/2022,1064,5200.217232,159826
SKU1026,8/20/2022,977,3210.673124,139233
SKU1013,07-03-21,1445,4784.954454,162073
SKU1039,7/24/2021,456,1586.091953,50064
SKU1016,09-11-21,893,2289.540847,103621
SKU1034,10/30/2021,913,2110.957796,70708
SKU1021,2/19/2022,1012,3481.624775,60556
SKU1052,4/16/2022,899,3236.489128,50522
SKU1028,7/30/2022,589,2494.19399,55719
SKU1049,09-10-22,582,2153.460417,50163
SKU1034,11/13/2021,609,2138.833494,50228
SKU1018,7/24/2021,587,2109.393746,50182
SKU1034,11/20/2021,696,2576.5613,50287
SKU1033,8/20/2022,807,3520.26136,50408
SKU1014,11/19/2022,701,2789.660238,50316
SKU1053,05-08-21,622,2024.829612,50215
SKU1037,6/26/2021,571,1275.816312,50187
SKU1029,09-03-22,588,980.581915,55334
SKU1052,12/24/2022,695,1918.838457,57107
SKU1026,10/30/2021,1140,5439.52871,74018
SKU1054,02-12-22,1264,6967.34954,144297
SKU1048,04-10-21,929,4220.616583,119635
SKU1056,06-05-21,773,3706.160756,112977
SKU1051,11/13/2021,532,1908.971984,79318
SKU1051,2/26/2022,878,3110.380322,110570
SKU1011,03-05-22,699,1842.276643,69159
SKU1030,5/15/2021,884,4675.850086,127224
SKU1018,11/13/2021,719,4641.415814,116914
SKU1018,2/26/2022,526,2571.506386,73824
SKU1043,4/30/2022,587,2292.711271,97348
SKU1044,07-02-22,421,1031.910877,53243
SKU1036,1/16/2021,477,2021.515311,70852
SKU1058,05-01-21,544,3186.655002,81719
SKU1042,7/31/2021,552,1200.768227,50146
SKU1043,3/27/2021,586,1017.595794,50198
SKU1036,10/16/2021,1017,3356.260045,117989
SKU1041,2/26/2022,1263,5426.50777,135682
SKU1046,06-04-22,1200,5067.303722,150801
SKU1011,4/17/2021,1516,4724.886782,254584
SKU1046,4/24/2021,927,2635.191906,135472
SKU1016,06-05-21,1499,4121.318639,180986
SKU1028,7/31/2021,1274,3416.101737,137933
SKU1034,08-07-21,1206,2446.730507,145557
SKU1056,9/24/2022,1604,3803.370109,205570
SKU1015,10-08-22,1622,3776.587497,200119
SKU1037,04-03-21,1802,5297.863748,233380
SKU1017,08-07-21,1526,5081.939039,193996
SKU1053,8/21/2021,1158,3763.47369,177636
SKU1035,4/23/2022,1031,3289.574998,153075
SKU1044,5/28/2022,1013,3120.233932,136564
SKU1019,02-05-22,1004,3126.152612,135422
SKU1026,10/29/2022,1255,4038.394899,191732
SKU1020,5/22/2021,1224,4441.767817,183535
SKU1025,7/16/2022,1093,3723.670737,157424
SKU1040,12/24/2022,1070,2942.873343,144036
SKU1042,12/31/2022,1119,4637.096567,181710
SKU1033,1/30/2021,963,3370.017145,168367
SKU1031,2/20/2021,1271,5597.461417,229697
SKU1032,4/17/2021,1872,9098.725892,349400
SKU1011,9/25/2021,1746,9326.00024,335242
SKU1026,5/14/2022,1943,10965.72921,427637
SKU1054,08-06-22,1270,7844.444511,278640
SKU1053,2/27/2021,1076,6654.02216,236794
SKU1047,11/27/2021,701,2897.272927,110477
SKU1017,1/22/2022,1553,8624.110854,342048
SKU1034,3/19/2022,1263,5108.882998,244425
SKU1034,04-09-22,1055,3915.138006,198475
SKU1029,6/18/2022,1085,3846.711865,163673
SKU1011,8/20/2022,1196,5381.670151,197970
SKU1033,10/22/2022,1120,4208.449861,172631
SKU1026,2/13/2021,1041,3050.460483,182528
SKU1019,4/24/2021,884,2962.591089,159105
SKU1029,10/30/2021,654,2072.109965,111141
SKU1027,12-11-21,519,1649.193914,70644
SKU1043,11-12-22,504,1374.340246,67511
SKU1045,2/20/2021,553,1973.455286,87473
SKU1032,04-03-21,539,2473.197274,94066
SKU1050,6/26/2021,743,2758.686626,141913
SKU1024,12-04-21,1788,8532.070675,415912
SKU1023,02-05-22,890,4130.790016,206349
SKU1011,03-12-22,1389,7581.372595,351198
SKU1029,01-09-21,945,6351.26487,205062
SKU1055,5/22/2021,643,3384.918398,122469
SKU1022,1/15/2022,1412,8186.416913,273079
SKU1023,3/26/2022,1253,6082.068633,220677
SKU1020,1/16/2021,1060,6088.398368,206954
SKU1037,1/30/2021,707,3375.746904,131641
SKU1055,03-06-21,690,1525.531007,67628
SKU1017,3/13/2021,889,2788.540061,92143
SKU1025,4/24/2021,1020,3965.360755,111430
SKU1034,01-08-22,725,2934.427422,119378
SKU1043,05-07-22,891,2686.868439,170456
SKU1048,06-11-22,693,2014.981548,87928
SKU1029,07-09-22,1032,2739.673317,115396
SKU1014,10/29/2022,652,1632.959689,63674
SKU1048,7/23/2022,1195,5199.03973,142007
SKU1055,09-03-22,1717,8626.871239,268537
SKU1028,1/23/2021,1317,6138.605199,230373
SKU1018,02-06-21,1029,5518.375788,202076
SKU1033,11-05-22,1300,5530.959258,242747
SKU1058,10-02-21,1031,4466.726886,204636
SKU1053,10/22/2022,789,4103.328462,208755
SKU1020,04-02-22,824,3359.381572,199394
SKU1042,10-01-22,616,2218.799286,129956
SKU1047,5/22/2021,509,1650.548317,80222
SKU1056,12-03-22,479,1614.228884,73181
SKU1055,4/17/2021,465,1388.790062,69079
SKU1041,05-01-21,603,1909.257455,90331
SKU1056,12/25/2021,842,3213.68147,145488
SKU1038,06-05-21,419,990.0136165,49979
SKU1051,05-07-22,1138,4893.649244,259512
SKU1037,9/17/2022,630,2729.903198,122846
SKU1040,2/13/2021,645,3503.77683,107299
SKU1050,07-10-21,417,1543.649726,50026
SKU1053,01-01-22,1102,6030.127758,191933
SKU1025,12/31/2022,1124,5049.919701,180524
SKU1056,4/17/2021,1047,5374.870931,187961
SKU1024,11/27/2021,782,3025.859319,128375
SKU1045,2/19/2022,530,1213.448767,72536
SKU1026,03-06-21,604,1430.487655,85566
SKU1042,9/25/2021,651,1911.387198,90075
SKU1057,10-02-21,690,1673.55248,88181
SKU1037,4/16/2022,502,1717.420228,88194
SKU1039,4/30/2022,551,1441.560573,92774
SKU1011,05-01-21,609,1573.600193,97821
SKU1031,6/19/2021,472,1310.260774,75521
SKU1017,11/27/2021,449,1149.78697,69176
SKU1044,08-06-22,419,1186.456327,81340
SKU1021,10-08-22,435,1297.143245,75841
SKU1012,11-05-22,453,1513.400979,83707
SKU1039,1/16/2021,411,1507.27665,75581
SKU1036,03-06-21,435,1788.447369,69987
SKU1017,7/17/2021,455,1923.792625,80390
SKU1017,10/30/2021,424,984.7311731,65080
SKU1013,2/19/2022,395,960.239548,50005
SKU1016,03-12-22,751,1642.17175,104171
SKU1049,12/18/2021,1680,2908.694638,274644
SKU1020,7/23/2022,1496,2726.072538,289369
SKU1029,2/27/2021,1495,3308.312701,314999
SKU1011,6/26/2021,1715,3970.611715,382105
SKU1032,8/27/2022,1765,3924.645621,471008
SKU1057,02-06-21,1700,3466.427158,500586
SKU1035,6/26/2021,1607,3730.265423,412994
SKU1026,7/17/2021,1386,3877.177967,245474
SKU1016,09-04-21,1342,3716.340465,197795
SKU1039,09-11-21,1424,4049.88949,276722
SKU1020,9/18/2021,1694,5132.607545,293929
SKU1013,9/25/2021,1795,5125.481421,323857
SKU1017,11/13/2021,1793,5143.931336,300436
SKU1030,2/27/2021,1894,5081.727448,362438
SKU1019,05-01-21,1719,4440.958177,323818
SKU1048,6/26/2021,927,2488.4606,167829
SKU1020,01-01-22,993,4289.293242,176199
SKU1044,1/15/2022,902,2874.591003,145388
SKU1044,7/23/2022,695,2213.015988,112231
SKU1040,08-06-22,740,3197.266975,122094
SKU1011,12/24/2022,962,4765.75024,152246
SKU1030,01-09-21,729,4321.199256,97621
SKU1031,1/16/2021,831,5060.00626,123243
SKU1027,1/30/2021,874,6070.256688,146751
SKU1035,10/30/2021,525,2376.158271,65794
SKU1043,11/27/2021,545,2344.342355,71411
SKU1011,3/19/2022,563,1402.54576,53113
SKU1049,8/27/2022,586,1303.440389,56880
SKU1016,1/15/2022,964,2826.280413,121771
SKU1056,02-05-22,941,2803.739911,142952
SKU1044,10/15/2022,1299,5444.269949,184077
SKU1028,12-10-22,1054,3579.768943,166342
SKU1017,12/24/2022,1124,3974.267456,206861
SKU1024,2/20/2021,1704,5186.340392,358231
SKU1021,05-01-21,1053,3093.84847,183111
SKU1036,06-11-22,1917,5250.28264,274038
SKU1021,8/27/2022,1804,4667.259778,251129
SKU1033,12-04-21,1777,3787.752452,232420
SKU1048,02-05-22,1665,3912.907101,206553
SKU1025,04-09-22,1600,4379.665606,200921
SKU1036,8/13/2022,989,3531.284997,160997
SKU1025,5/15/2021,845,2745.910603,117644
SKU1037,10/23/2021,746,2389.875191,93070
SKU1045,10/30/2021,1033,3256.708755,138550
SKU1057,02-05-22,1112,4400.484156,171046
SKU1051,5/21/2022,986,3309.128358,137230
SKU1042,10-02-21,964,3914.033076,138827
SKU1018,11-06-21,948,2993.821631,146428
SKU1048,03-05-22,1156,4674.720318,187524
SKU1034,08-06-22,1722,7278.344426,292233
SKU1026,11/26/2022,1888,10367.42983,347424
SKU1036,1/30/2021,2461,14766.99735,552170
SKU1019,03-06-21,1406,9490.828362,309525
SKU1026,6/19/2021,680,2523.041021,102405
SKU1026,8/21/2021,1113,4231.384056,140120
SKU1036,9/24/2022,956,2534.187846,118841
SKU1039,12-10-22,1013,2613.998725,53058
SKU1028,08-07-21,843,2549.925916,50465
SKU1030,10-09-21,853,2076.120128,50442
SKU1037,11/13/2021,524,920.7450953,50131
SKU1035,12/18/2021,425,981.6156536,50047
SKU1045,01-08-22,1354,5062.673469,268970
SKU1043,1/22/2022,686,1734.106631,108160
SKU1047,12/24/2022,1158,4325.462734,244546
SKU1023,5/29/2021,493,1002.746193,52545
SKU1057,11/13/2021,635,1484.092112,72160
SKU1014,2/19/2022,431,1037.101136,50047
SKU1021,12/24/2022,1332,5713.851117,226628
SKU1058,01-09-21,1228,6983.272836,245873
SKU1025,06-12-21,863,2798.736821,154208
SKU1051,1/22/2022,892,4123.437072,114174
SKU1055,02-05-22,648,2635.331323,82992
SKU1034,3/26/2022,509,2723.282179,81328
SKU1046,4/30/2022,1036,2907.006837,153332
SKU1036,7/23/2022,574,1750.938266,75668
SKU1039,9/24/2022,929,4700.87257,103555
SKU1016,11/26/2022,1012,5876.176729,159930
SKU1042,09-11-21,853,5307.762749,162051
SKU1025,4/16/2022,843,3295.347263,119980
SKU1016,8/27/2022,844,3067.558105,110674
SKU1034,02-05-22,717,2247.783391,93520
SKU1018,12-03-22,410,1091.824874,50021
SKU1048,5/22/2021,439,1073.165932,50030
SKU1048,09-11-21,445,1120.851019,53775
SKU1046,1/29/2022,948,2279.388655,163196
SKU1052,07-09-22,629,2118.470276,101064
SKU1031,5/15/2021,733,2045.907494,103104
SKU1049,4/30/2022,705,1963.500775,104413
SKU1025,6/18/2022,704,2128.724438,104273
SKU1032,10/15/2022,772,2464.646372,114467
SKU1056,2/20/2021,617,2134.536351,85829
SKU1031,04-10-21,618,2482.757725,97918
SKU1020,6/19/2021,562,2119.818314,87044
SKU1048,12-11-21,748,2785.887565,117713
SKU1042,07-09-22,719,2630.431458,115914
SKU1031,7/23/2022,770,3004.033704,118459
SKU1056,8/13/2022,905,2126.198881,136732
SKU1014,11/26/2022,992,2789.000676,142477
SKU1053,2/13/2021,969,3125.428828,138368
SKU1015,11-05-22,1443,5530.571113,221975
SKU1023,05-01-21,835,3694.274137,147459
SKU1026,06-12-21,704,2571.001468,110940
SKU1014,7/17/2021,495,1685.720103,61088
SKU1017,9/18/2021,701,2453.877036,90156
SKU1021,12-11-21,865,2914.92791,153285
SKU1049,9/17/2022,926,2410.929624,153196
SKU1045,3/27/2021,828,2542.172078,127045
SKU1048,5/15/2021,779,2306.439039,115338
SKU1038,3/26/2022,806,2475.64156,130840
SKU1011,01-02-21,746,2428.403738,134417
SKU1050,09-04-21,663,2051.598713,135325
SKU1034,10-01-22,581,1835.121267,125877
SKU1017,3/27/2021,615,1861.482885,127528
SKU1029,05-08-21,630,2104.304291,131231
SKU1041,8/28/2021,677,2290.373719,143211
SKU1023,12-03-22,633,2437.423084,108763
SKU1051,4/24/2021,630,2337.722501,119228
SKU1024,6/26/2021,652,2139.665988,123104
SKU1036,7/24/2021,535,1913.644519,89763
SKU1020,09-04-21,564,2278.756939,100906
SKU1022,9/25/2021,651,4470.771683,100140
SKU1053,10/16/2021,465,4111.156724,82126
SKU1053,04-02-22,893,1678.014997,123904
SKU1019,01-02-21,2220,3456.284293,353658
SKU1039,4/24/2021,2072,3410.067233,368904
SKU1044,5/29/2021,1994,3759.857184,400094
SKU1028,3/27/2021,2144,4320.540341,434189
SKU1041,6/26/2021,2172,4319.262063,422429
SKU1045,09-11-21,2229,4434.844671,510597
SKU1029,10-02-21,2227,4131.120084,558860
SKU1029,12/18/2021,2100,3686.13762,574992
SKU1051,01-01-22,2074,4186.468229,533315
SKU1047,7/23/2022,1777,4176.210633,350644
SKU1046,10/29/2022,1777,4217.187715,304928
SKU1013,11-12-22,1782,4425.679941,380596
SKU1039,06-12-21,2036,4878.862251,313037
SKU1025,07-03-21,2106,4843.133839,311426
SKU1012,2/19/2022,2024,4612.957039,325490
SKU1030,05-07-22,1843,3999.035418,290078
SKU1032,02-06-21,789,1952.125751,113600
SKU1057,05-08-21,638,1865.123093,119278
SKU1054,5/15/2021,881,2294.119057,145516
SKU1014,6/26/2021,907,2285.121287,143213
SKU1023,8/21/2021,975,2539.241418,157832
SKU1056,2/26/2022,1067,2655.108203,166998
SKU1030,3/27/2021,1044,3127.214565,170094
SKU1049,06-12-21,693,2255.128935,107669
SKU1051,10/30/2021,737,2160.666418,109293
SKU1024,04-09-22,829,3375.32149,126500
SKU1024,7/30/2022,1168,4390.025211,176018
SKU1051,2/20/2021,1066,2753.834502,121210
SKU1037,02-05-22,1307,4801.396278,179187
SKU1042,2/26/2022,1716,6952.775062,227916
SKU1046,4/23/2022,1265,5275.863798,148831
SKU1013,7/30/2022,1053,5168.930551,153100
SKU1014,8/21/2021,935,2961.831524,105037
SKU1024,11-06-21,1730,5414.979554,192554
SKU1042,12/18/2021,1874,5510.365062,253434
SKU1025,5/14/2022,2051,4707.088246,319268
SKU1047,10-01-22,1848,4271.00446,262732
SKU1032,10/22/2022,2199,5274.610139,264273
SKU1025,11/19/2022,2002,5204.36841,264132
SKU1048,12/17/2022,1936,5377.079177,252646
SKU1018,08-06-22,1736,5677.778315,241162
SKU1030,5/21/2022,1068,3563.8821,199227
SKU1038,12/24/2022,1001,3115.397335,173270
SKU1038,4/17/2021,1045,3309.950395,172446
SKU1029,4/24/2021,971,3179.953229,164350
SKU1052,12/18/2021,1317,4323.002209,217982
SKU1024,07-03-21,1194,4740.330806,190930
SKU1023,04-02-22,1152,3879.621239,186783
SKU1011,4/30/2022,1251,4872.308705,206989
SKU1042,5/28/2022,995,3577.55213,160058
SKU1012,09-04-21,1236,4723.491159,197170
SKU1053,08-06-22,1647,9043.186296,256546
SKU1015,12-10-22,1563,8892.865371,293531
SKU1045,12/24/2022,1045,3467.65031,149202
SKU1050,3/13/2021,551,2734.283325,82024
SKU1030,06-04-22,458,1016.071302,54570
SKU1052,1/30/2021,406,971.3374123,50002
SKU1056,07-03-21,471,1511.561186,87634
SKU1023,03-12-22,424,961.4640195,50028
SKU1032,05-01-21,914,2586.555558,160541
SKU1054,07-10-21,1913,9963.003251,438699
SKU1026,1/29/2022,1108,5786.402011,238020
SKU1048,2/19/2022,1002,4334.623411,204422
SKU1041,2/27/2021,811,3690.244577,140962
SKU1011,7/24/2021,1002,2486.585298,161548
SKU1040,8/21/2021,1089,3978.546167,154779
SKU1043,1/29/2022,1064,5128.993818,166817
SKU1053,03-12-22,748,1681.929778,78080
SKU1050,5/21/2022,440,1630.505734,66389
SKU1015,09-11-21,617,2624.241804,99949
SKU1041,1/15/2022,836,1968.186741,88912
SKU1052,03-12-22,803,2105.482045,102604
SKU1050,4/16/2022,751,2173.584737,94682
SKU1054,07-02-22,402,1001.144461,49983
SKU1053,11/26/2022,590,1528.32048,98354
SKU1038,05-01-21,673,2482.520353,106957
SKU1031,10/30/2021,720,2693.152666,107381
SKU1032,05-07-22,639,1752.255405,89650
SKU1028,9/24/2022,843,3396.288865,103860
SKU1032,8/28/2021,1124,3399.877301,147579
SKU1053,11-05-22,785,2198.167265,103076
SKU1027,11/26/2022,1201,3272.948587,125028
SKU1041,12/24/2022,1276,3153.829885,143087
SKU1035,2/13/2021,1492,4260.512251,164068
SKU1049,2/19/2022,939,2709.323528,116963
SKU1012,10/29/2022,854,2781.574036,83507
SKU1029,9/25/2021,870,2821.643139,103980
SKU1037,12-11-21,766,2484.967727,96092
SKU1046,8/13/2022,946,3127.235007,119262
SKU1013,8/28/2021,901,3542.206506,104301
SKU1056,1/29/2022,749,2654.133275,101739
SKU1015,3/26/2022,910,3379.875196,135513
SKU1052,07-02-22,1310,5348.222142,189034
SKU1018,11/19/2022,1261,4605.229332,192234
SKU1034,03-06-21,1176,4657.077877,216788
SKU1012,5/29/2021,1050,5752.945963,175513
SKU1052,07-03-21,823,4699.735279,131062
SKU1055,08-06-22,823,2428.332436,115087
SKU1024,1/30/2021,1142,3731.556887,155066
SKU1025,2/13/2021,1249,5073.094182,170930
SKU1057,07-03-21,1228,4192.865336,146575
SKU1030,09-11-21,1164,3172.269038,136203
SKU1054,01-09-21,991,3242.752338,132516
SKU1020,05-01-21,498,1386.629881,63676
SKU1037,01-01-22,529,1332.381892,68759
SKU1041,4/30/2022,500,1245.140546,63990
SKU1056,5/21/2022,463,1406.470236,65564
SKU1020,08-07-21,497,1895.440467,91383
SKU1050,7/23/2022,1209,5655.957542,310926
SKU1021,10/29/2022,908,4902.840749,214342
SKU1044,12-10-22,902,5129.109977,217626
SKU1042,04-02-22,798,4305.549606,153402
SKU1023,07-02-22,1054,5525.007306,167626
SKU1052,11/26/2022,984,4853.420063,157258
SKU1030,12/17/2022,884,4784.716416,157424
SKU1025,12/24/2022,959,4346.158903,176072
SKU1049,09-04-21,612,2328.458725,119615
SKU1047,01-01-22,398,1006.312406,50015
SKU1046,2/26/2022,387,1007.816544,67222
SKU1018,04-02-22,395,2904.830008,85614
SKU1040,7/16/2022,639,2810.397089,100465
SKU1034,8/13/2022,828,3173.447886,130082
SKU1018,10-01-22,861,3559.263884,135085
SKU1017,3/20/2021,409,944.003677,50005
SKU1049,7/24/2021,591,1756.398264,148038
SKU1049,01-01-22,936,2905.541594,116308
SKU1027,1/22/2022,978,2915.602264,117081
SKU1051,04-03-21,1083,3067.227455,196551
SKU1046,03-05-22,1105,3164.463575,176475
SKU1049,3/19/2022,1215,3223.105345,170228
SKU1047,12-10-22,1249,3216.315069,193812
SKU1054,12/17/2022,1116,2989.408527,170033
SKU1033,8/14/2021,472,1761.721512,50071
SKU1014,10/23/2021,521,1204.589119,96692
SKU1030,07-09-22,684,1896.107034,117679
SKU1023,08-06-22,792,2129.781039,137017
SKU1044,8/27/2022,771,2031.185495,129372
SKU1038,1/23/2021,653,1607.297679,95410
SKU1040,9/18/2021,615,2220.808086,105894
SKU1038,12/18/2021,746,3434.527251,131510
SKU1040,10/15/2022,779,3554.309888,121030
SKU1033,10/29/2022,783,3717.79569,118113
SKU1023,10/30/2021,1124,2903.119622,194998
SKU1031,01-01-22,1339,5486.163261,226220
SKU1040,1/22/2022,1250,5276.730172,203868
SKU1036,10/29/2022,960,3205.620126,150838
SKU1023,12/24/2022,1374,6340.469963,196324
SKU1050,04-10-21,688,2528.506959,81065
SKU1055,11/20/2021,776,3358.520956,118307
SKU1028,02-05-22,1276,4430.545344,237419
SKU1029,2/26/2022,910,2879.480262,134448
SKU1057,10/29/2022,1461,4562.592325,189675
SKU1038,11/19/2022,1540,4610.044501,298161
SKU1029,09-04-21,1704,4650.663392,362235
SKU1016,10-09-21,1570,4402.706294,321164
SKU1020,09-10-22,1247,3931.722672,182207
SKU1039,10/22/2022,1392,4187.445143,205460
SKU1058,5/22/2021,1608,5032.167926,246734
SKU1014,01-08-22,1251,3803.523322,216310
SKU1032,06-04-22,1134,3655.992492,207671
SKU1024,09-10-22,982,3300.568205,149005
SKU1023,12/17/2022,1059,3490.588539,173977
SKU1043,2/20/2021,972,3292.435623,175911
SKU1013,9/18/2021,1254,4185.474167,232277
SKU1018,3/26/2022,1180,4810.082704,213886
SKU1012,10/22/2022,1109,4897.418386,201585
SKU1046,3/13/2021,1017,5108.177648,200294
SKU1048,4/24/2021,1278,6431.684682,267833
SKU1054,6/26/2021,1931,11065.82858,404132
SKU1048,01-08-22,1833,9831.583872,422854
SKU1014,5/14/2022,1925,10724.50683,521633
SKU1011,10/15/2022,1384,9848.479163,289969
SKU1047,10/23/2021,1290,8850.47737,245232
SKU1030,5/14/2022,1104,4660.87604,143063
SKU1052,6/18/2022,1236,4444.924505,162628
SKU1011,8/27/2022,1445,4688.547402,175593
SKU1016,01-09-21,1527,6524.525171,199395
SKU1052,11/27/2021,1245,3775.484527,135763
SKU1023,01-01-22,1192,4203.889136,144765
SKU1014,2/26/2022,777,2446.41973,104906
SKU1015,7/16/2022,500,1382.880421,57842
SKU1020,8/20/2022,525,1549.816933,66484
SKU1056,10-08-22,549,1541.925668,70716
SKU1024,11-12-22,677,2129.826943,91395
SKU1030,11-05-22,896,4768.024096,137912
SKU1014,2/13/2021,1329,7161.001829,229659
SKU1045,4/17/2021,1184,5614.225384,197868
SKU1054,9/18/2021,972,6035.690895,194448
SKU1027,02-12-22,616,1811.80364,123532
SKU1042,4/30/2022,541,1118.088486,116108
SKU1015,06-04-22,469,1092.964654,106650
SKU1041,1/30/2021,545,1427.335227,109797
SKU1022,06-05-21,606,1428.191569,116858
SKU1053,07-10-21,469,1882.840852,81389
SKU1058,7/31/2021,639,2487.660646,113894
SKU1024,03-12-22,745,6124.725957,210627
SKU1040,5/29/2021,509,1668.350534,70530
SKU1051,10/16/2021,567,1491.721527,97267
SKU1023,12/18/2021,577,1143.806715,108529
SKU1013,02-12-22,484,1204.745526,107274
SKU1044,8/20/2022,730,2873.957967,156353
SKU1043,11/19/2022,539,1660.14537,96910
SKU1024,2/27/2021,419,1073.209743,56020
SKU1036,3/13/2021,440,1112.068577,62407
SKU1055,7/24/2021,572,2130.116749,85700
SKU1026,02-05-22,802,3961.583268,131233
SKU1023,9/17/2022,676,2392.489672,161590
SKU1024,1/16/2021,393,1003.752085,80953
SKU1032,1/23/2021,410,963.9948487,49985
SKU1026,1/30/2021,553,1191.680741,90167
SKU1025,02-05-22,1040,2028.177868,266530
SKU1024,8/13/2022,1119,2425.065917,282672
SKU1043,01-02-21,1089,2348.173034,323738
SKU1049,5/22/2021,910,2357.606209,300031
SKU1055,10/30/2021,886,2255.878593,366351
SKU1036,03-12-22,1086,2411.848932,498608
SKU1058,3/19/2022,916,1995.667985,397502
SKU1035,07-02-22,1520,3336.260897,363378
SKU1023,10/29/2022,1471,3433.398759,323929
SKU1023,01-09-21,1569,3856.319322,380198
SKU1044,1/23/2021,1750,4487.536271,369895
SKU1032,8/21/2021,1970,4736.309255,376137
SKU1054,12/31/2022,1943,4439.755646,363714
SKU1036,02-06-21,2140,4654.262661,430219
SKU1054,5/22/2021,1809,3826.55076,348667
SKU1053,1/15/2022,647,1370.7319,105651
SKU1052,02-12-22,780,2048.232156,103552
SKU1013,5/14/2022,594,2033.825495,95809
SKU1039,11-12-22,755,2237.718202,106762
SKU1013,5/22/2021,1200,3516.122471,152655
SKU1020,10/30/2021,1412,3953.028325,231143
SKU1056,3/26/2022,1767,4140.08723,296572
SKU1056,12-10-22,1215,3208.978172,216660
SKU1042,9/18/2021,697,2021.923421,106142
SKU1012,07-02-22,675,1929.839985,101373
SKU1055,8/20/2022,881,3412.877266,153113
SKU1028,6/19/2021,757,2842.73213,136077
SKU1016,3/19/2022,901,3591.04931,183180
SKU1030,01-02-21,1352,5877.9769,285053
SKU1028,7/17/2021,1634,11449.95129,478245
SKU1022,02-12-22,1146,8648.307508,275913
SKU1029,8/20/2022,499,1758.141155,77888
SKU1038,09-03-22,690,3749.633498,150760
SKU1055,05-01-21,849,3925.378103,112449
SKU1016,07-03-21,847,2797.228761,94349
SKU1033,12-11-21,961,1937.643176,111607
SKU1040,04-09-22,2001,3513.314642,220593
SKU1047,9/24/2022,1950,3203.465633,150605
SKU1028,10-09-21,713,1752.609088,102699
SKU1023,12-04-21,402,972.3593531,50027
SKU1023,5/21/2022,922,2722.094176,117152
SKU1014,11-12-22,940,3798.403786,86815
SKU1052,2/13/2021,1346,2974.191317,78115
SKU1054,3/20/2021,1235,2688.184872,84270
SKU1045,06-12-21,1330,3793.724608,95693
SKU1014,07-03-21,1237,4992.922509,166671
SKU1044,7/31/2021,825,4964.563712,132330
SKU1053,3/19/2022,464,1014.100865,50048
SKU1019,06-11-22,449,1023.882473,50055
SKU1036,9/18/2021,509,981.1534266,75075
SKU1050,10-09-21,652,1657.043999,144576
SKU1035,01-08-22,747,2072.152081,98503
SKU1036,1/22/2022,946,3019.349834,139509
SKU1038,03-05-22,1158,4107.443512,192148
SKU1044,04-02-22,1053,4136.784973,193290
SKU1022,5/21/2022,753,2403.953733,127110
SKU1048,11-12-22,574,1646.466334,93458
SKU1047,4/24/2021,599,1600.243262,90513
SKU1012,6/26/2021,567,1418.637877,82316
SKU1046,12-11-21,401,1006.726251,49990
SKU1049,10/22/2022,711,2241.699378,147418
SKU1014,06-05-21,1256,7523.590793,358951
SKU1024,12-11-21,401,1002.586955,50018
SKU1044,4/16/2022,398,985.3045765,50007
SKU1029,10-08-22,410,1041.40551,50002
SKU1046,12-03-22,403,976.9536278,49988
SKU1022,5/15/2021,837,2752.904151,50431
SKU1036,06-05-21,518,2215.834953,70305
SKU1050,12-11-21,921,2447.431917,151872
SKU1018,2/19/2022,880,2222.189841,137794
SKU1027,8/27/2022,841,2154.996963,135099
SKU1033,10-01-22,893,2274.032205,139456
SKU1016,12-03-22,1174,3492.95706,193878
SKU1022,12-10-22,872,2775.018082,138163
SKU1033,4/24/2021,643,2933.56245,111511
SKU1028,07-03-21,787,4159.929437,143611
SKU1036,03-05-22,794,3471.143331,124634
SKU1022,10-08-22,1048,3981.327766,172941
SKU1027,04-10-21,1075,4368.52147,178292
SKU1030,5/22/2021,1171,4130.159254,185507
SKU1052,8/27/2022,749,2184.472532,125443
SKU1051,10-01-22,732,2681.164478,138436
SKU1028,12/24/2022,423,1861.487178,91813
SKU1041,12/31/2022,520,3263.527119,100694
SKU1036,01-09-21,683,2245.906827,131647
SKU1031,1/23/2021,455,1032.876044,93230
SKU1021,08-07-21,651,982.4356761,135955
SKU1012,8/14/2021,410,1031.436142,100380
SKU1042,4/23/2022,606,1518.379923,89648
SKU1043,5/21/2022,959,1754.420747,132436
SKU1034,8/27/2022,1064,2690.138238,145212
SKU1053,10/29/2022,1066,2228.784932,174565
SKU1024,4/17/2021,1068,2049.800897,191519
SKU1019,07-03-21,967,2799.250946,191749
SKU1044,12-11-21,912,2667.861641,157543
SKU1029,2/19/2022,973,2610.559741,164102
SKU1028,4/16/2022,843,1921.507628,156535
SKU1022,8/20/2022,821,1240.784841,171137
SKU1030,10/29/2022,845,1593.080836,174539
SKU1056,11/26/2022,644,2479.59449,140322
SKU1024,12-03-22,604,2942.318818,141495
SKU1033,08-07-21,766,3467.554877,170438
SKU1030,10/22/2022,864,4858.609881,218483
SKU1013,12-03-22,947,3344.719491,264781
SKU1056,12/17/2022,1009,3801.397344,296192
SKU1012,1/23/2021,660,3222.445891,133932
SKU1021,11/13/2021,1351,5029.287057,204022
SKU1015,01-01-22,1800,6708.499859,263759
SKU1020,06-11-22,1829,8660.504479,304134
SKU1054,01-01-22,1756,6039.078324,279721
SKU1018,02-05-22,1524,5798.233946,271921
SKU1052,7/16/2022,907,2945.787542,164517
SKU1045,9/24/2022,547,1627.270648,69818
SKU1055,10/29/2022,606,1636.775274,76972
SKU1032,01-09-21,565,1420.454225,74041
SKU1019,5/29/2021,613,1883.886521,89313
SKU1013,10-09-21,480,1500.4012,62244
SKU1036,12/24/2022,782,3749.873415,213970
SKU1051,07-10-21,636,2553.775966,123779
SKU1034,8/21/2021,734,3146.164198,154070
SKU1019,10-09-21,713,1763.462727,199678
SKU1029,04-02-22,653,1958.671334,197419
SKU1031,12/17/2022,518,1976.286229,192665
SKU1011,7/17/2021,561,2127.573199,157288
SKU1044,03-06-21,680,1930.981076,239646
SKU1027,04-03-21,612,1975.25406,141498
SKU1042,05-07-22,1128,4230.82437,207488
SKU1042,5/14/2022,981,3792.043569,169148
SKU1032,1/22/2022,811,3434.55383,150665
SKU1028,07-10-21,392,957.5029495,152819
SKU1013,09-11-21,397,940.6060636,121681
SKU1050,10-02-21,1157,5679.981276,292164
SKU1031,1/29/2022,517,2591.922786,185818
SKU1035,08-06-22,741,5061.490021,230089
SKU1034,12-03-22,986,6069.526671,295443
SKU1047,03-06-21,745,2107.895725,102960
SKU1053,11/20/2021,661,1655.77547,87863
SKU1023,1/15/2022,579,1863.009218,74978
SKU1042,5/21/2022,1090,4983.7029,202425
SKU1049,10/15/2022,842,3236.532565,172422
SKU1016,11/19/2022,629,2162.362257,119049
SKU1058,11/26/2022,757,2525.151929,140180
SKU1023,03-06-21,1097,4268.675717,263621
SKU1014,04-03-21,715,2577.228991,174630
SKU1035,9/25/2021,1246,5903.735273,312853
SKU1024,04-02-22,862,3959.927383,213368
SKU1047,10/22/2022,667,2664.232248,97942
SKU1024,12/24/2022,569,2180.914741,86516
SKU1043,3/20/2021,788,3298.365498,166757
SKU1053,12-04-21,768,2811.404406,134792
SKU1034,03-05-22,653,1529.012904,107441
SKU1034,5/14/2022,1106,7508.401904,151543
SKU1030,12-03-22,834,2005.427193,88926
SKU1020,2/13/2021,807,2120.473783,102600
SKU1048,4/23/2022,733,2175.987677,94706
SKU1030,10-08-22,393,970.5236125,50009
SKU1044,4/24/2021,616,1550.318581,98335
SKU1031,10/16/2021,673,2466.126358,106928
SKU1017,01-01-22,726,2602.292086,107334
SKU1043,12-11-21,842,3391.25584,103843
SKU1037,9/24/2022,809,3597.139228,105871
SKU1022,12/17/2022,796,2188.402164,103102
SKU1014,2/20/2021,1216,3275.039674,125031
SKU1036,6/25/2022,1275,3174.768306,143097
SKU1032,2/27/2021,1349,3633.533182,147703
SKU1023,3/13/2021,932,2706.461314,116956
SKU1037,4/24/2021,854,2658.885612,108794
SKU1047,9/18/2021,820,2732.873206,83506
SKU1025,9/25/2021,871,2850.094458,103978
SKU1027,12/25/2021,754,2378.608954,96080
SKU1031,4/23/2022,951,3216.242777,119273
SKU1047,8/20/2022,933,3419.094447,121627
SKU1037,12-03-22,876,2717.287934,96635
SKU1023,10/16/2021,785,3110.332931,104799
SKU1029,11/27/2021,721,2696.597496,101742
SKU1052,10/29/2022,900,3300.03132,135514
SKU1049,3/13/2021,1316,5393.820665,189028
SKU1046,7/16/2022,1254,4580.596681,192275
SKU1017,2/20/2021,1183,4678.455469,216773
SKU1045,07-10-21,1057,5758.973926,175521
SKU1028,7/24/2021,840,4742.636333,131054
SKU1041,04-09-22,666,1905.322603,87824
SKU1019,12/31/2022,822,2373.609596,115095
SKU1051,8/14/2021,1143,3725.664028,155052
SKU1032,4/16/2022,1238,4124.712121,146582
SKU1012,05-07-22,1150,3173.750167,136212
SKU1022,07-09-22,987,3306.313547,132497
SKU1028,3/26/2022,513,1396.58145,63696
SKU1026,7/23/2022,507,1246.955787,63993
SKU1035,09-03-22,475,1451.206813,65547
SKU1054,2/27/2021,507,1917.203271,91368
SKU1017,4/17/2021,838,3222.369425,166820
SKU1044,08-07-21,1268,5988.513219,320470
SKU1044,9/17/2022,1197,5668.962724,310907
SKU1051,03-06-21,793,4853.248337,172331
SKU1016,05-08-21,790,4234.528897,153396
SKU1031,8/27/2022,1030,5490.054829,167628
SKU1021,6/19/2021,981,4896.682256,157253
SKU1026,07-10-21,888,4792.866385,157418
SKU1054,11/13/2021,963,4343.001222,176080
SKU1051,12-04-21,729,3096.275513,133033
SKU1043,7/23/2022,681,1962.56889,148929
SKU1052,01-09-21,723,1920.989569,136678
SKU1016,3/13/2021,747,1950.670665,133360
SKU1028,05-01-21,883,2793.471309,152422
SKU1029,5/29/2021,1077,3820.186464,202734
SKU1013,7/31/2021,702,2859.293086,128495
SKU1042,12-04-21,639,2506.779113,91770
SKU1019,5/15/2021,728,2684.279192,105260
SKU1040,09-11-21,941,3367.530404,140646
SKU1055,10-09-21,906,3222.445516,146377
SKU1011,11/13/2021,788,2587.28674,113406
SKU1014,01-01-22,532,2352.728662,96607
SKU1041,04-02-22,638,3632.039904,131783
SKU1026,4/30/2022,495,2501.1287,96046
SKU1024,5/28/2022,587,2334.026396,112088
SKU1031,12/31/2022,637,1676.568914,112168
SKU1033,1/23/2021,1009,2598.894484,162512
SKU1053,2/20/2021,1090,2329.673679,214616
SKU1015,2/27/2021,911,2263.845955,198018
SKU1033,8/28/2021,1212,2838.756654,218737
SKU1049,02-12-22,832,1652.386025,116250
SKU1046,04-02-22,830,2058.354025,119568
SKU1050,05-08-21,866,2123.756797,145302
SKU1035,5/15/2021,721,1851.679892,149493
SKU1049,07-02-22,621,1731.190883,134880
SKU1012,10/15/2022,684,1968.1484,131049
SKU1023,1/16/2021,652,2242.372111,136065
SKU1041,06-04-22,602,1853.229522,118696
SKU1046,01-09-21,643,2215.055266,114913
SKU1035,10/16/2021,663,2417.101891,105820
SKU1019,11-06-21,648,1381.074209,120515
SKU1058,3/26/2022,576,1794.057409,81761
SKU1039,07-02-22,1048,3712.398399,163585
SKU1050,10-01-22,1317,4832.968778,206217
SKU1038,10/16/2021,1219,4026.556668,183809
SKU1033,10/23/2021,1106,4016.826035,175113
SKU1054,02-05-22,774,2235.737064,111904
SKU1019,03-12-22,500,1320.29792,69066
SKU1018,06-04-22,522,1353.06332,67591
SKU1053,5/29/2021,582,1598.723211,66301
SKU1022,08-07-21,679,1307.016275,116879
SKU1040,03-05-22,1506,2999.567516,418782
SKU1043,7/30/2022,1400,2674.948978,409068
SKU1047,11/19/2022,1316,2636.728769,436943
SKU1048,12/31/2022,1032,3701.169423,125361
SKU1047,3/20/2021,859,3039.763097,146597
SKU1042,4/17/2021,660,1730.138482,136541
SKU1034,06-12-21,676,1280.574248,62773
SKU1041,8/14/2021,541,1406.041492,68212
SKU1012,4/16/2022,496,1271.007614,68640
SKU1051,7/30/2022,503,1343.139148,58803
SKU1029,9/24/2022,496,1358.985121,50089
SKU1038,10-08-22,476,1113.474008,50086
SKU1033,03-06-21,861,4013.015447,117820
SKU1028,06-05-21,959,4644.749334,147767
SKU1034,09-11-21,408,1024.101081,54207
SKU1052,3/26/2022,487,1314.632559,62231
SKU1051,06-11-22,633,2166.550797,104777
SKU1053,7/30/2022,858,3376.446677,169397
SKU1058,9/17/2022,1355,6066.544219,339557
SKU1037,2/19/2022,955,5183.064868,233730
SKU1038,04-09-22,886,4828.304289,193175
SKU1014,4/30/2022,836,4426.870652,175996
SKU1025,11-05-22,1070,4358.822092,192589
SKU1035,11/19/2022,1124,4992.953266,196179
SKU1046,04-03-21,987,4908.253684,197123
SKU1015,07-10-21,881,2812.549373,174164
SKU1046,8/14/2021,897,1753.730794,149605
SKU1051,11/20/2021,2116,3109.126404,506645
SKU1055,07-02-22,1763,3334.207332,426666
SKU1058,8/13/2022,1807,3386.952147,418457
SKU1050,12-04-21,2148,4040.426264,546951
SKU1047,5/28/2022,2212,4248.258519,541874
SKU1030,08-06-22,2112,4149.243395,544861
SKU1049,01-02-21,1898,3972.427735,486693
SKU1031,5/29/2021,1440,3114.68405,352435
SKU1030,7/24/2021,1471,3183.366093,343884
SKU1034,9/18/2021,1419,3437.476642,311916
SKU1016,01-02-21,1599,3934.853974,343812
SKU1057,01-09-21,1584,3787.734486,336677
SKU1023,06-12-21,1810,4087.947871,396351
SKU1035,07-03-21,1532,3492.898016,299003
SKU1042,9/17/2022,1142,2417.096037,213089
SKU1038,04-03-21,947,3542.134509,139980
SKU1026,3/26/2022,858,3288.819817,140544
SKU1037,4/23/2022,842,3392.028896,154850
SKU1031,6/25/2022,774,2855.157577,114734
SKU1014,07-02-22,723,2662.206041,99999
SKU1044,11-05-22,632,2629.253357,68699
SKU1018,05-08-21,863,3727.990931,50455
SKU1058,5/15/2021,978,4683.163346,86620
SKU1057,8/13/2022,880,3452.907209,165239
SKU1039,07-09-22,769,2535.243106,121343
SKU1051,09-10-22,720,3046.884604,84988
SKU1030,12-04-21,750,3221.235144,89366
SKU1034,03-12-22,751,2441.622933,101196
SKU1023,3/19/2022,660,2156.705381,94359
SKU1027,06-05-21,518,1489.257875,76956
SKU1034,7/31/2021,499,1363.663477,71241
SKU1058,12/18/2021,557,1851.699585,85901
SKU1057,5/14/2022,656,1754.839599,138550
SKU1032,09-10-22,463,977.9614406,97816
SKU1050,11-12-22,858,2517.667902,188814
SKU1058,12-04-21,614,1824.85944,144470
SKU1014,09-03-22,486,952.6065047,50095
SKU1054,11-12-22,605,1398.927334,113245
